county,countyConfirmed,countyDeaths,state
New York City,21873,281,NY
Westchester County,5944,1,NY
Nassau County,3914,17,NY
Unassigned,3399.0,63.0,NJ
Suffolk County,2735,20,NY
Cook County,1418,14,IL
Wayne County,1389,21,MI
King County,1359,100,WA
Rockland County,1197,5,NY
Orleans Parish,997,46,LA
Bergen County,819,6,NJ
Los Angeles County,812,13,CA
Orange County,751,1,NY
Oakland County,668,10,MI
Snohomish County,634,16,WA
Miami-Dade County,616,0,FL
Fairfield County,546,12,CT
Broward County,504,3,FL
Santa Clara County,459,17,CA
Jefferson Parish,458,12,LA
Middlesex County,446,1,MA
Philadelphia County,402,1,PA
Essex County,381,4,NJ
Clark County,350,6,NV
Macomb County,347,7,MI
Suffolk County,342,1,MA
Milwaukee County,333,4,WI
Middlesex County,316,0,NJ
Monmouth County,313,3,NJ
Dallas County,303,7,TX
Maricopa County,299,2,AZ
San Diego County,293,2,CA
Davidson County,293,2,TN
Marion County,293,6,IN
Montgomery County,282,2,PA
Union County,262,0,NJ
Hudson County,260,1,NJ
Passaic County,255,0,NJ
District of Columbia County,231,3,DC
San Francisco County,223,2,CA
Morris County,223,1,NJ
Norfolk County,222,1,MA
Ocean County,222,1,NJ
Denver County,214,3,CO
Fulton County,211,2,GA
Cuyahoga County,206,2,OH
Mecklenburg County,204,0,NC
Shelby County,198,0,TN
San Mateo County,195,5,CA
Dutchess County,190,1,NY
Orange County,187,1,CA
Harris County,185,1,TX
St. Louis County,182,2,MO
Unassigned,181.0,0.0,TN
Essex County,177,0,MA
Albany County,171,0,NY
Palm Beach County,169,3,FL
Unassigned,166.0,32.0,GA
Montgomery County,164,1,MD
Unassigned,162.0,9.0,MA
Delaware County,156,2,PA
Dougherty County,156,6,GA
Pierce County,155,2,WA
Baltimore County,153,1,MD
Salt Lake County,151,0,UT
Erie County,146,1,NY
Hillsborough County,142,0,FL
Monroe County,142,3,NY
Jefferson County,140,0,AL
Lake County,139,0,IL
Alameda County,135,2,CA
Allegheny County,133,2,PA
DuPage County,131,0,IL
DeKalb County,129,0,GA
Worcester County,129,2,MA
Hennepin County,128,0,MN
New Haven County,127,2,CT
El Paso County,122,5,CO
Eagle County,120,1,CO
Travis County,119,0,TX
Somerset County,117,1,NJ
Hartford County,116,2,CT
Caddo Parish,115,1,LA
Cobb County,115,2,GA
Sacramento County,113,5,CA
Orange County,110,4,FL
Bucks County,110,0,PA
Contra Costa County,108,1,CA
East Baton Rouge Parish,105,4,LA
Unassigned,105.0,4.0,NV
Riverside County,105,8,CA
Prince George's County,101,2,MD
Plymouth County,101,0,MA
Tarrant County,100,1,TX
Washington County,96,2,OR
Putnam County,94,0,NY
Jefferson County,93,2,CO
Washtenaw County,92,3,MI
Ascension Parish,91,1,LA
Cumberland County,90,0,ME
St. Tammany Parish,89,1,LA
Summit County,89,0,UT
Arapahoe County,88,1,CO
Franklin County,88,2,OH
Dane County,88,1,WI
Weld County,87,4,CO
Bartow County,86,1,GA
New Castle County,86,0,DE
Bexar County,84,3,TX
Chester County,84,0,PA
Durham County,84,0,NC
Wake County,84,0,NC
Onondaga County,83,1,NY
Pulaski County,83,0,AR
Mercer County,82,0,NJ
Unassigned,81,1,Other
Fairfax County,80,1,VA
Ulster County,78,0,NY
Pima County,75,1,AZ
Gwinnett County,75,1,GA
Chittenden County,75,4,VT
Duval County,74,3,FL
Saratoga County,73,0,NY
Oklahoma County,73,2,OK
San Joaquin County,71,3,CA
Berkshire County,71,0,MA
Denton County,70,0,TX
Monroe County,67,2,PA
Bristol County,67,0,MA
Collin County,66,1,TX
Whatcom County,66,2,WA
Williamson County,66,0,TN
Blaine County,66,0,ID
Collier County,65,0,FL
Unassigned,64,2,PR
Pinellas County,64,1,FL
Genesee County,63,0,MI
Kershaw County,63,1,SC
Lehigh County,63,1,PA
Skagit County,63,1,WA
Schenectady County,62,1,NY
Camden County,61,1,NJ
Jackson County,60,1,MO
Marin County,60,0,CA
Richland County,59,0,SC
Douglas County,58,0,CO
Honolulu County,58,0,HI
Washoe County,57,0,NV
Lee County,56,3,FL
Northampton County,56,3,PA
Rockingham County,56,0,NH
Arlington County,55,0,VA
Unassigned,55.0,0.0,KY
Island County,54,1,WA
San Bernardino County,54,2,CA
Spokane County,54,0,WA
Fort Bend County,54,0,TX
Sullivan County,53,0,NY
Providence County,52,0,RI
Charleston County,52,1,SC
Gunnison County,52,1,CO
Boulder County,51,0,CO
Barnstable County,51,1,MA
Yakima County,51,1,WA
Carroll County,50,0,GA
Ventura County,50,1,CA
Greenville County,50,0,SC
Alachua County,49,0,FL
Howard County,49,0,MD
DeSoto County,49,0,MS
Shelby County,49,0,AL
Johnson County,49,0,IA
Hamilton County,48,0,OH
Burlington County,48,0,NJ
Bernalillo County,48,0,NM
Cleburne County,47,1,AR
Johnson County,46,1,KS
San Luis Obispo County,46,0,CA
Unassigned,45,1,GU
Larimer County,45,1,CO
Hampden County,45,0,MA
Lee County,44,0,AL
Douglas County,44,0,NE
Hinds County,43,0,MS
Navajo County,43,0,AZ
Marion County,43,2,OR
Summit County,42,0,OH
Waukesha County,42,0,WI
Osceola County,42,0,FL
Mahoning County,42,0,OH
Anne Arundel County,41,0,MD
Kent County,41,1,MI
James City County,41,2,VA
Tulsa County,41,1,OK
Hamilton County,40,0,IN
Will County,40,2,IL
Cleveland County,39,3,OK
Ada County,39,0,ID
Adams County,38,0,CO
Cherokee County,38,0,GA
St. John the Baptist Parish,38,2,LA
Kane County,38,1,IL
Rensselaer County,38,0,NY
Seminole County,37,0,FL
Madison County,37,0,AL
Sonoma County,37,1,CA
Lorain County,37,0,OH
Johnson County,36,3,IN
Berks County,36,0,PA
Sumner County,36,0,TN
Luzerne County,36,1,PA
Davis County,35,1,UT
Pinal County,35,0,AZ
Jefferson County,35,2,KY
Sarasota County,34,1,FL
Litchfield County,33,0,CT
Brazoria County,33,0,TX
St. Johns County,33,1,FL
Multnomah County,33,2,OR
Ramsey County,32,1,MN
Bossier Parish,32,0,LA
Prince William County,32,0,VA
Sussex County,32,0,NJ
Clayton County,32,0,GA
Harrison County,31,0,MS
Montgomery County,31,0,TX
Unassigned,31.0,4.0,VA
Lake County,31,0,IN
Unassigned,31.0,0.0,RI
Solano County,31,0,CA
Lee County,30,0,GA
Hillsborough County,30,1,NH
Lafayette Parish,30,0,LA
Placer County,30,1,CA
Volusia County,29,0,FL
Boone County,29,1,MO
St. James Parish,29,1,LA
Olmsted County,29,0,MN
Coconino County,28,1,AZ
Lafourche Parish,28,1,LA
Lackawanna County,28,2,PA
Fayette County,28,1,KY
Brazos County,28,0,TX
Anchorage County,28,0,AK
St. Bernard Parish,28,1,LA
El Paso County,28,0,TX
McLennan County,28,0,TX
Loudoun County,28,0,VA
York County,27,0,ME
Wyandotte County,27,2,KS
Galveston County,27,0,TX
Sussex County,27,0,DE
Kitsap County,27,0,WA
Tolland County,27,3,CT
Union County,27,0,NC
Grant County,27,1,WA
Manatee County,26,1,FL
Hamilton County,26,1,TN
Santa Barbara County,26,0,CA
Beaufort County,26,0,SC
Hunterdon County,25,0,NJ
Lake County,25,0,FL
Santa Cruz County,25,0,CA
Rapides Parish,25,1,LA
Dakota County,25,0,MN
Linn County,25,1,OR
Henry County,25,0,GA
Polk County,24,0,IA
Monterey County,24,1,CA
Unassigned,24.0,0.0,HI
Faulkner County,24,0,AR
Unassigned,24.0,1.0,AR
Sumter County,24,0,FL
Kern County,24,0,CA
Guilford County,24,0,NC
Westmoreland County,24,0,PA
Gallatin County,24,0,MT
Bristol County,24,0,RI
Clarke County,24,1,GA
Greene County,23,3,MO
Tompkins County,23,0,NY
Rankin County,23,0,MS
Virginia Beach County,23,1,VA
Gloucester County,23,0,NJ
Lucas County,23,2,OH
Jefferson County,23,0,AR
Medina County,22,0,OH
St. Charles Parish,22,2,LA
Ingham County,22,0,MI
Williamson County,22,0,TX
Burleigh County,22,0,ND
Grafton County,22,0,NH
Monroe County,21,0,MI
Madison County,21,0,MS
Lancaster County,21,0,PA
St. Joseph County,21,0,IN
Clackamas County,21,2,OR
York County,21,0,PA
Hall County,21,0,GA
Washington County,21,0,WI
Henrico County,21,2,VA
Livingston County,21,1,MI
Terrebonne Parish,21,0,LA
Hendricks County,21,0,IN
Pitkin County,21,0,CO
Okaloosa County,21,0,FL
Horry County,20,1,SC
Ozaukee County,20,1,WI
Knox County,20,0,TN
Unassigned,20.0,0.0,MI
Rutherford County,19,0,TN
Pasco County,19,1,FL
Fresno County,19,0,CA
Butler County,19,1,PA
Unassigned,19.0,0.0,UT
Lubbock County,19,0,TX
Miami County,19,1,OH
Escambia County,19,0,FL
Bell County,19,0,TX
Columbia County,19,0,NY
Anderson County,19,0,SC
Ouachita Parish,19,1,LA
Clay County,19,4,FL
McHenry County,19,0,IL
Utah County,18,0,UT
Fond du Lac County,18,1,WI
Lexington County,18,1,SC
Tulare County,18,0,CA
York County,18,0,SC
Unassigned,18.0,0.0,CO
Benton County,18,0,AR
Butler County,18,0,OH
Warren County,18,0,NJ
Monongalia County,18,0,WV
Garland County,18,0,AR
Ottawa County,18,0,MI
Douglas County,18,0,GA
Cabarrus County,18,2,NC
St. Charles County,18,1,MO
Kent County,17,0,DE
Coahoma County,17,0,MS
Walker County,17,0,AL
Tuscaloosa County,17,0,AL
Windsor County,17,1,VT
Forsyth County,17,0,NC
Santa Fe County,17,0,NM
Unassigned,17,0,VI
Polk County,17,0,FL
Jackson County,17,0,MI
Iberville Parish,17,1,LA
Jackson County,16,0,MS
Clark County,16,4,WA
Forrest County,16,0,MS
Smith County,16,1,TX
Pearl River County,16,0,MS
Floyd County,16,1,GA
Minnehaha County,16,0,SD
Broome County,16,2,NY
Montgomery County,16,0,AL
Clark County,15,0,AR
Washington County,15,0,MN
Pike County,15,0,PA
Lee County,15,0,MS
Cumberland County,15,0,PA
Wasatch County,15,0,UT
Middlesex County,15,0,CT
Robertson County,15,0,TN
Calcasieu Parish,15,1,LA
Forsyth County,15,0,GA
New Hanover County,14,0,NC
Kenosha County,14,0,WI
Thurston County,14,0,WA
Frederick County,14,0,MD
Lake County,14,0,OH
Nueces County,14,0,TX
Tippah County,14,0,MS
Alexandria County,14,0,VA
Fayette County,14,1,GA
Unassigned,14.0,1.0,LA
Montgomery County,14,0,OH
Franklin County,14,0,MA
Beadle County,14,0,SD
Laramie County,14,0,WY
Fremont County,14,0,WY
Niagara County,14,0,NY
Daviess County,14,0,KY
Brevard County,13,0,FL
Stark County,13,2,OH
Franklin County,13,1,IN
Indian River County,13,0,FL
Oneida County,13,0,NY
Canyon County,13,0,ID
Benton County,13,4,WA
Unassigned,13.0,0.0,NM
St. Clair County,13,0,MI
Dauphin County,13,0,PA
Walton County,13,0,FL
Orange County,13,0,NC
Leflore County,13,0,MS
Garfield County,13,0,CO
Yellowstone County,13,0,MT
Beaver County,13,0,PA
Richmond County,13,0,VA
Plaquemines Parish,13,0,LA
Mobile County,13,0,AL
Decatur County,13,0,IN
Delaware County,12,0,OH
Buncombe County,12,0,NC
Monroe County,12,0,FL
Putnam County,12,0,FL
Coweta County,12,0,GA
Rockdale County,12,0,GA
Atlantic County,12,0,NJ
Addison County,12,0,VT
Pike County,12,0,MS
Lowndes County,12,0,GA
Linn County,12,0,IA
Washington County,12,0,PA
La Crosse County,12,0,WI
Chesterfield County,12,0,VA
Martin County,12,0,MN
Stanislaus County,12,0,CA
Ketchikan Gateway County,11,0,AK
Hays County,11,0,TX
Kay County,11,0,OK
Livingston Parish,11,0,LA
Van Buren County,11,0,AR
Fairbanks North Star County,11,0,AK
Spalding County,11,0,GA
Clinton County,11,0,NY
Berrien County,11,0,MI
Webb County,11,0,TX
De Soto Parish,11,0,LA
Gaston County,11,0,NC
Bennington County,11,0,VT
Steuben County,11,0,NY
Ripley County,11,0,IN
Iredell County,11,0,NC
Ontario County,11,0,NY
Citrus County,11,0,FL
Leavenworth County,11,0,KS
Sedgwick County,11,0,KS
Yolo County,11,1,CA
Hampshire County,11,0,MA
Wichita County,10,0,TX
Deschutes County,10,0,OR
Charles County,10,0,MD
Brunswick County,10,0,NC
Oktibbeha County,10,0,MS
Newton County,10,0,GA
Lafayette County,10,0,MS
Weber County,10,0,UT
Chelan County,10,1,WA
Douglas County,10,0,KS
St. Lucie County,10,0,FL
Polk County,10,0,GA
Humboldt County,10,0,CA
Saginaw County,10,0,MI
Richmond County,10,0,GA
Washington County,10,0,AR
Mitchell County,10,0,GA
Mower County,10,0,MN
Elmore County,10,0,AL
Cameron County,10,0,TX
Columbia County,10,0,GA
Creek County,10,0,OK
Pawnee County,10,1,OK
Wilson County,10,0,TN
Jefferson County,10,0,WA
Sumter County,10,0,SC
Harrison County,10,0,KY
Troup County,10,0,GA
Limestone County,10,0,AL
Kalamazoo County,10,0,MI
Clark County,10,0,IN
Harnett County,10,1,NC
Madison County,9,1,NY
Imperial County,9,0,CA
Newport County,9,0,RI
Washington County,9,0,RI
Putnam County,9,0,TN
Santa Rosa County,9,1,FL
Kootenai County,9,0,ID
Centre County,9,0,PA
Guadalupe County,9,0,TX
Catawba County,9,0,NC
Trumbull County,9,0,OH
Chambers County,9,0,AL
Chatham County,9,0,GA
Matagorda County,9,1,TX
Hernando County,9,0,FL
Orangeburg County,9,0,SC
Spartanburg County,9,0,SC
New London County,9,0,CT
Leon County,9,1,FL
Schuylkill County,9,0,PA
Washington County,9,0,MS
Summit County,9,0,CO
Apache County,9,0,AZ
Gordon County,9,0,GA
Houston County,9,0,GA
Hancock County,9,1,IN
San Benito County,9,1,CA
Maui County,9,0,HI
Harford County,9,0,MD
Oxford County,8,0,ME
Unassigned,8.0,4.0,VT
Hidalgo County,8,0,TX
Allen County,8,1,IN
Cumberland County,8,0,NC
York County,8,1,VA
Wilkinson County,8,1,MS
Anoka County,8,0,MN
McLean County,8,1,IL
Washington County,8,0,IA
Broomfield County,8,0,CO
Champaign County,8,0,IL
Webster Parish,8,1,LA
Darlington County,8,0,SC
Morton County,8,0,ND
Kenton County,8,0,KY
Wayne County,8,0,NY
Racine County,8,0,WI
Martin County,8,0,FL
Cass County,8,0,MO
Fayette County,8,0,PA
Franklin County,8,0,WA
Johnston County,8,0,NC
Warren County,8,0,OH
West Baton Rouge Parish,8,1,LA
San Juan County,8,0,NM
Lowndes County,8,0,MS
Bibb County,8,0,GA
Sarpy County,8,0,NE
Comal County,8,0,TX
Copiah County,8,0,MS
Carver County,8,0,MN
Sandoval County,8,0,NM
Belknap County,8,0,NH
Clinton County,7,0,MI
Early County,7,1,GA
Sheboygan County,7,0,WI
Herkimer County,7,0,NY
Maury County,7,0,TN
Delaware County,7,0,NY
Flagler County,7,0,FL
Morgan County,7,0,AL
Allamakee County,7,0,IA
Morgan County,7,0,IN
Dallas County,7,0,IA
Ellis County,7,0,TX
Laurens County,7,0,GA
Wyoming County,7,1,NY
Calvert County,7,0,MD
Holmes County,7,1,MS
Tippecanoe County,7,0,IN
Greene County,7,0,TN
Washington County,7,0,TN
Platte County,7,0,MO
Yamhill County,7,0,OR
Calhoun County,7,0,MI
Winnebago County,7,0,IL
Otsego County,7,0,MI
Tangipahoa Parish,7,0,LA
Strafford County,7,0,NH
Scott County,7,0,IA
Jefferson County,7,0,TX
Carroll County,7,0,NH
Floyd County,7,0,IN
Crittenden County,7,0,AR
St. Clair County,7,0,IL
Avoyelles Parish,7,0,LA
Elkhart County,7,0,IN
Adams County,7,0,PA
Marshall County,7,0,MS
Delaware County,7,1,IN
Paulding County,7,0,GA
Attala County,7,0,MS
Oconee County,7,0,GA
Unassigned,7.0,1.0,AK
Madera County,7,0,CA
Nevada County,7,0,CA
Windham County,7,0,VT
Washington County,7,0,VT
Kent County,7,0,RI
Carroll County,7,0,MD
Teton County,7,0,WY
Chickasaw County,7,0,MS
Chemung County,7,0,NY
Boone County,7,0,IN
Cheatham County,7,0,TN
Lauderdale County,7,0,AL
Box Elder County,6,0,UT
Scott County,6,0,MN
Le Sueur County,6,0,MN
Montgomery County,6,0,TN
Blue Earth County,6,0,MN
Washington Parish,6,1,LA
Cole County,6,0,MO
Tipton County,6,0,TN
Rock County,6,0,WI
Sauk County,6,0,WI
Monroe County,6,0,IN
Kittitas County,6,0,WA
Klickitat County,6,0,WA
Wayne County,6,0,PA
Howard County,6,1,IN
Bolivar County,6,0,MS
Bartholomew County,6,0,IN
Wilson County,6,0,NC
Hancock County,6,1,MS
Rowan County,6,0,NC
Lincoln County,6,0,MS
Pitt County,6,0,NC
Kankakee County,6,0,IL
Kendall County,6,0,IL
Tate County,6,0,MS
Henderson County,6,0,NC
Routt County,6,0,CO
Charlottesville County,6,0,VA
Midland County,6,0,MI
Chatham County,6,0,NC
Stafford County,6,0,VA
Cullman County,6,0,AL
St. Clair County,6,0,AL
Lancaster County,6,0,SC
Pickens County,6,0,SC
Napa County,6,0,CA
Washington County,6,0,UT
Muscatine County,6,0,IA
Cass County,6,0,ND
Mesa County,6,0,CO
Kennebec County,6,0,ME
Missoula County,6,0,MT
Castro County,6,0,TX
Natrona County,6,0,WY
Canadian County,6,0,OK
Benton County,6,0,OR
Dubuque County,6,1,IA
Wagoner County,6,0,OK
Carteret County,5,0,NC
Williamsburg County,5,1,VA
Lincoln County,5,0,ME
Hockley County,5,0,TX
Norfolk County,5,0,VA
Assumption Parish,5,0,LA
Androscoggin County,5,0,ME
Rutland County,5,0,VT
Baker County,5,0,FL
Lenawee County,5,0,MI
Autauga County,5,0,AL
Lamoille County,5,0,VT
Marion County,5,0,AL
Franklin County,5,0,NC
DeSoto County,5,0,FL
Hillsdale County,5,0,MI
Fairfield County,5,0,OH
Berkeley County,5,0,SC
Clarendon County,5,1,SC
Clermont County,5,0,OH
Florence County,5,2,SC
Black Hawk County,5,0,IA
Warren County,5,0,KY
Penobscot County,5,0,ME
Merrimack County,5,0,NH
Tunica County,5,1,MS
Sangamon County,5,1,IL
Eau Claire County,5,0,WI
Jefferson County,5,0,WI
Kanawha County,5,0,WV
Walworth County,5,0,WI
Porter County,5,0,IN
Winnebago County,5,0,WI
Muscogee County,5,0,GA
Peach County,5,0,GA
Wicomico County,5,0,MD
Sumter County,5,0,GA
Yavapai County,5,0,AZ
Flathead County,5,0,MT
Terrell County,5,0,GA
Cascade County,5,0,MT
Tift County,5,0,GA
Essex County,5,0,NY
Whitfield County,5,0,GA
Worth County,5,0,GA
Glynn County,5,0,GA
Lawrence County,5,0,MS
Greene County,5,0,NY
St. Mary Parish,5,0,LA
St. Landry Parish,5,0,LA
Montgomery County,5,0,NY
Erie County,5,0,PA
Highlands County,5,0,FL
Columbia County,5,0,WI
Dickson County,5,0,TN
Lincoln County,5,0,AR
Nassau County,5,0,FL
Jefferson County,5,0,MO
Dodge County,5,0,MN
Washington County,5,0,OK
Franklin County,5,0,PA
St. Louis County,5,0,MN
Wright County,5,0,MN
Steele County,5,0,MN
Allen Parish,5,0,LA
Payne County,5,0,OK
Teller County,5,1,CO
Lane County,5,1,OR
Marion County,5,0,FL
Stearns County,5,0,MN
Leake County,4,0,MS
Clay County,4,0,MN
Saline County,4,0,AR
Onslow County,4,0,NC
Lamar County,4,0,MS
Genesee County,4,0,NY
Chaves County,4,0,NM
Nash County,4,0,NC
Clinton County,4,0,IL
Montgomery County,4,0,MS
Panola County,4,0,MS
Jefferson County,4,0,TN
Sunflower County,4,0,MS
Lyon County,4,0,KS
Montour County,4,0,PA
Jackson County,4,0,OR
Walthall County,4,0,MS
Linn County,4,0,KS
Oswego County,4,0,NY
Albemarle County,4,0,VA
Chesapeake County,4,0,VA
Sagadahoc County,4,0,ME
Scott County,4,0,MS
Craighead County,4,0,AR
Choctaw County,4,0,MS
Sheridan County,4,0,WY
Douglas County,4,0,WI
Mono County,4,0,CA
Vanderburgh County,4,0,IN
Outagamie County,4,0,WI
Jackson County,4,0,WV
Barrow County,4,0,GA
St. Croix County,4,0,WI
Owen County,4,0,IN
Winona County,4,0,MN
Clallam County,4,0,WA
Wabasha County,4,0,MN
Lumpkin County,4,0,GA
Cecil County,4,0,MD
Washington County,4,0,NE
Unassigned,4.0,0.0,MN
Madison County,4,0,IN
Jennings County,4,0,IN
Pickens County,4,0,GA
Silver Bow County,4,0,MT
St. Mary's County,4,0,MD
Washington County,4,0,MD
Lewis and Clark County,4,0,MT
Montrose County,4,0,CO
East Feliciana Parish,4,0,LA
Yuma County,4,0,AZ
Crisp County,4,0,GA
Cherokee County,4,0,NC
Bradley County,4,0,AR
Baldwin County,4,0,AL
Richland County,4,0,OH
Dorchester County,4,0,SC
Marion County,4,0,OH
Coshocton County,4,0,OH
Columbiana County,4,0,OH
Colquitt County,4,0,GA
Franklin County,4,0,VT
Midland County,4,1,TX
Muskogee County,4,0,OK
Butte County,4,0,CA
Chilton County,4,0,AL
Pulaski County,4,0,MO
Newport News County,4,1,VA
Bay County,4,0,MI
Franklin County,4,0,MO
Eaton County,4,0,MI
Tallapoosa County,4,0,AL
Unassigned,4.0,0.0,MO
Cedar County,4,0,IA
Cape May County,4,0,NJ
Washington County,4,0,NY
Tama County,4,0,IA
Portage County,4,0,OH
Geauga County,4,0,OH
Poweshiek County,4,0,IA
Charlevoix County,4,0,MI
Lebanon County,4,0,PA
Peoria County,4,0,IL
Yuba County,3,0,CA
Chenango County,3,0,NY
Talladega County,3,0,AL
Custer County,3,0,OK
Garrett County,3,0,MD
Pottawattamie County,3,0,IA
Cleveland County,3,0,AR
Douglas County,3,0,NV
Madison County,3,0,IL
Marshall County,3,0,AL
Isabella County,3,0,MI
Chesterfield County,3,0,SC
Abbeville County,3,0,SC
Stark County,3,0,ND
Dodge County,3,0,WI
Greene County,3,0,PA
Woodford County,3,0,IL
Iowa County,3,0,WI
Pulaski County,3,0,KY
Pierce County,3,0,WI
Jefferson County,3,0,WV
Harrison County,3,0,WV
Ward County,3,0,ND
Cape Girardeau County,3,0,MO
Carbon County,3,0,WY
Osage County,3,0,OK
Fairfield County,3,0,SC
Cowlitz County,3,0,WA
Hancock County,3,0,IA
Ramsey County,3,0,ND
Cumberland County,3,0,NJ
Grand Traverse County,3,0,MI
Logan County,3,0,OK
Harrison County,3,0,IA
Cortland County,3,0,NY
Lincoln County,3,0,NE
Nicollet County,3,0,MN
Brown County,3,0,WI
Rock Island County,3,0,IL
Pontotoc County,3,0,MS
Montcalm County,3,0,MI
Shenandoah County,3,0,VA
Polk County,3,0,OR
Rockingham County,3,0,VA
Mercer County,3,0,PA
Portsmouth County,3,0,VA
Butler County,3,0,KS
Bannock County,3,0,ID
Winston County,3,0,MS
Mecklenburg County,3,0,VA
Yalobusha County,3,0,MS
Yazoo County,3,0,MS
Louisa County,3,0,VA
LaSalle County,3,0,IL
Otsego County,3,0,NY
El Dorado County,3,0,CA
Harrisonburg County,3,0,VA
Tooele County,3,0,UT
Goochland County,3,0,VA
Spotsylvania County,3,0,VA
Newton County,3,0,MO
Adams County,3,0,MS
Lapeer County,3,0,MI
Grant County,3,0,AR
Independence County,3,0,AR
Calhoun County,3,0,MS
Lancaster County,3,0,NE
Etowah County,3,0,AL
Shasta County,3,1,CA
Columbia County,3,0,PA
Taos County,3,0,NM
McKinley County,3,0,NM
Siskiyou County,3,0,CA
Itawamba County,3,0,MS
Lauderdale County,3,0,MS
Orange County,3,0,VT
Comanche County,3,0,OK
Poinsett County,3,0,AR
Jefferson County,3,0,NY
Livingston County,3,0,NY
Muskegon County,3,0,MI
Orleans County,3,0,VT
Douglas County,3,0,OR
Monroe County,3,0,MS
Shawnee County,3,0,KS
Bedford County,3,0,VA
Licking County,3,0,OH
Fayette County,3,0,IN
Greene County,3,0,OH
Blount County,3,0,TN
Bradley County,3,0,TN
Watauga County,3,0,NC
Wayne County,3,0,NC
Clear Creek County,3,0,CO
Monroe County,3,0,GA
Dearborn County,3,0,IN
Chaffee County,3,0,CO
Carroll County,3,0,TN
Jasper County,3,1,IN
Morehouse Parish,3,0,LA
Gibson County,3,0,IN
Carroll County,3,0,OH
Belmont County,3,0,OH
Grant County,3,0,IN
Ashtabula County,3,0,OH
Cumberland County,3,0,TN
Gregg County,3,0,TX
Iberia Parish,3,0,LA
Anderson County,3,0,TN
Acadia Parish,3,0,LA
Randolph County,3,0,NC
Columbia County,3,0,FL
Craven County,3,0,NC
Bertie County,3,0,NC
Beaufort County,3,0,NC
Davidson County,3,0,NC
Beauregard Parish,3,0,LA
Alamance County,3,0,NC
Wood County,3,0,OH
Union County,3,0,OH
Tuscarawas County,3,0,OH
Bay County,3,0,FL
Butts County,3,0,GA
Brown County,3,0,TX
Dawson County,3,0,GA
Morgan County,3,0,CO
Charlotte County,3,0,FL
Potter County,3,0,TX
Pueblo County,3,0,CO
Bryan County,3,0,GA
Elbert County,3,0,CO
Lamar County,3,0,GA
Caldwell County,3,0,NC
Fayette County,3,0,TN
Houston County,3,0,TN
Kendall County,3,0,TX
Waller County,3,0,TX
Wharton County,3,0,TX
Lincoln Parish,3,0,LA
Warrick County,3,0,IN
Loudon County,3,0,TN
Victoria County,3,0,TX
Effingham County,3,0,GA
Terry County,3,0,TX
Vigo County,3,0,IN
Johnson County,3,0,TX
Washington County,3,0,IN
Bradford County,2,0,PA
Eastland County,2,0,TX
Deaf Smith County,2,0,TX
DeWitt County,2,0,TX
Randall County,2,0,TX
Clearfield County,2,0,PA
Benton County,2,0,IA
Schoharie County,2,0,NY
St. Francois County,2,0,MO
Logan County,2,0,CO
Dallas County,2,0,AL
McMinn County,2,0,TN
Madison County,2,0,OH
Tioga County,2,0,NY
Franklin County,2,0,AL
Houston County,2,0,AL
Llano County,2,0,TX
Jackson County,2,1,AL
Hamblen County,2,0,TN
Kalkaska County,2,0,MI
Monroe County,2,0,TN
Calhoun County,2,0,AL
St. Martin Parish,2,0,LA
Blount County,2,0,AL
Chambers County,2,0,TX
Isle of Wight County,2,0,VA
Rockwall County,2,0,TX
Lee County,2,0,VA
Burke County,2,0,NC
Lynchburg County,2,0,VA
Atascosa County,2,0,TX
Manassas County,2,0,VA
Rio Arriba County,2,0,NM
Story County,2,0,IA
Sioux County,2,0,IA
Mendocino County,2,0,CA
Madison County,2,0,TN
Prince Edward County,2,0,VA
Merced County,2,0,CA
Bastrop County,2,0,TX
Rockbridge County,2,0,VA
Desha County,2,0,AR
Woodbury County,2,0,IA
Hamilton County,2,0,NY
Logan County,2,0,OH
Calhoun County,2,0,TX
Milam County,2,0,TX
Reno County,2,0,KS
Okmulgee County,2,0,OK
Perry County,2,0,MO
Coffee County,2,0,GA
Teton County,2,0,ID
Rice County,2,0,MN
Madison County,2,0,ID
Clinton County,2,0,OH
Clark County,2,0,OH
Georgetown County,2,0,SC
Emmet County,2,0,MI
Greenwood County,2,0,SC
St. Lawrence County,2,0,NY
Jasper County,2,0,SC
Sullivan County,2,0,TN
Lee County,2,0,SC
Jefferson County,2,0,ID
Clay County,2,0,MO
Oconee County,2,0,SC
Dyer County,2,0,TN
Callaway County,2,0,MO
Grayson County,2,0,TX
Hardin County,2,0,TX
Windham County,2,0,CT
Bingham County,2,0,ID
Warren County,2,0,NY
Grimes County,2,0,TX
Waldo County,2,0,ME
Defiance County,2,0,OH
Gladwin County,2,0,MI
Sevier County,2,0,TN
Moniteau County,2,0,MO
Jasper County,2,0,IA
Parker County,2,0,TX
Cerro Gordo County,2,0,IA
Morris County,2,0,KS
Mitchell County,2,0,KS
Knox County,2,0,OH
Waseca County,2,0,MN
Carbon County,2,0,PA
Orleans County,2,0,NY
Huron County,2,0,OH
Chisago County,2,0,MN
Ionia County,2,0,MI
Campbell County,2,0,TN
Natchitoches Parish,2,0,LA
Wilcox County,2,0,AL
Kaufman County,2,0,TX
Lafayette County,2,0,MO
Johnson County,2,0,MO
Gibson County,2,0,TN
Aiken County,2,0,SC
Crawford County,2,0,KS
Jasper County,2,0,MO
Hanover County,2,0,VA
Cherokee County,2,0,KS
Erie County,2,1,OH
Socorro County,2,0,NM
Unassigned,2.0,0.0,IL
Van Buren County,2,0,MI
Umatilla County,2,0,OR
La Paz County,2,0,AZ
Graham County,2,0,AZ
Bourbon County,2,1,KY
Cochise County,2,0,AZ
Tuscola County,2,0,MI
Amador County,2,0,CA
San Juan County,2,0,WA
Pierce County,2,0,ND
Elko County,2,0,NV
Carson City County,2,0,NV
Worcester County,2,0,MD
Mason County,2,0,WA
Harrison County,2,0,IN
Mohave County,2,0,AZ
Breathitt County,2,0,KY
Calaveras County,2,0,CA
Santa Cruz County,2,0,AZ
Madison County,2,0,GA
Evangeline Parish,2,0,LA
Miller County,2,0,GA
Christian County,2,0,KY
Josephine County,2,0,OR
Clark County,2,0,KY
Monroe County,2,0,IL
Franklin County,2,0,MS
Grenada County,2,0,MS
Juneau County,2,0,AK
Franklin County,2,0,KY
Newaygo County,2,0,MI
Vance County,2,0,NC
Adair County,2,0,OK
Anderson County,2,1,KY
Queen Anne's County,2,0,MD
Shelby County,2,0,IN
Noble County,2,0,OK
Vernon Parish,2,0,LA
McClain County,2,0,OK
McCook County,2,0,SD
Tom Green County,2,0,TX
Lincoln County,2,0,SD
Davison County,2,0,SD
Baldwin County,2,0,GA
Brown County,2,0,SD
Pottawatomie County,2,0,OK
Tipton County,2,0,IN
Douglas County,2,0,WA
Garvin County,2,0,OK
Cayuga County,2,0,NY
Tucker County,2,0,WV
Jackson County,2,0,IN
Putnam County,2,1,IN
Putnam County,2,0,WV
Preston County,2,0,WV
Ohio County,2,0,WV
Chautauqua County,2,0,NY
Mercer County,2,0,WV
Marshall County,2,0,WV
Irwin County,2,0,GA
Montgomery County,2,0,IN
Jasper County,2,0,GA
Lawrence County,2,0,IN
LaPorte County,2,0,IN
Lewis County,2,0,WA
Berkeley County,2,0,WV
Hardin County,2,0,KY
Sutter County,2,0,CA
Hoke County,2,0,NC
Grand County,2,0,CO
McDowell County,2,0,NC
Searcy County,2,0,AR
Quitman County,2,0,MS
Lenoir County,2,0,NC
Saunders County,2,0,NE
Turner County,2,0,GA
Kauai County,2,0,HI
Tallahatchie County,2,0,MS
Madison County,2,0,KY
Washington County,2,0,GA
Twiggs County,2,0,GA
Somerset County,2,0,PA
Stevens County,2,0,WA
Buffalo County,2,0,NE
Union County,2,0,MS
Hertford County,2,0,NC
Webster County,2,1,MS
Cass County,2,0,NE
Union Parish,2,0,LA
McCracken County,2,0,KY
Knox County,2,0,NE
Camden County,2,0,GA
Walla Walla County,2,0,WA
Whitman County,2,0,WA
Sebastian County,2,0,AR
Broadwater County,2,0,MT
Tattnall County,2,0,GA
Hawaii County,2,0,HI
Decatur County,2,0,GA
Claiborne Parish,2,1,LA
Transylvania County,2,0,NC
Henderson County,2,0,KY
Allegany County,2,0,NY
Cleveland County,2,0,NC
Robeson County,2,0,NC
San Patricio County,2,0,TX
Gloucester County,2,0,VA
Muhlenberg County,2,0,KY
Seminole County,2,0,GA
Madison County,2,0,MT
Frederick County,2,0,VA
Accomack County,2,0,VA
Danville County,2,0,VA
Culpeper County,2,0,VA
Montgomery County,2,0,KY
Moore County,2,0,NC
Rusk County,2,0,TX
Martin County,1,0,KY
Medina County,1,0,TX
Jefferson Davis Parish,1,0,LA
Jackson Parish,1,0,LA
Robertson County,1,0,TX
Oldham County,1,0,KY
Taylor County,1,0,TX
Ottawa County,1,0,OK
Page County,1,0,IA
Pontotoc County,1,0,OK
Simpson County,1,0,KY
Spencer County,1,0,KY
Menifee County,1,0,KY
Stephens County,1,0,OK
Scott County,1,0,KY
Clayton County,1,0,IA
Swisher County,1,0,TX
Logan County,1,0,KY
Shelby County,1,0,TX
Orange County,1,0,TX
Winn Parish,1,0,LA
Carroll County,1,0,IA
Nelson County,1,0,KY
Buchanan County,1,0,IA
Campbell County,1,0,KY
Jessamine County,1,0,KY
Des Moines County,1,0,IA
Oldham County,1,1,TX
Laurel County,1,0,KY
Calloway County,1,0,KY
Fayette County,1,0,IA
Appanoose County,1,0,IA
Monona County,1,0,IA
Nacogdoches County,1,0,TX
Morris County,1,0,TX
Henry County,1,0,IA
Boone County,1,0,KY
Lyon County,1,0,KY
Adair County,1,0,IA
Webster County,1,0,KY
Reeves County,1,0,TX
Allen County,1,0,KY
Kossuth County,1,0,IA
Crawford County,1,0,PA
Mahaska County,1,0,IA
Starr County,1,0,TX
Maverick County,1,0,TX
Calumet County,1,0,WI
Unassigned,1.0,0.0,IA
Park County,1,0,WY
Johnson County,1,0,WY
Campbell County,1,0,WY
Albany County,1,0,WY
Morgan County,1,0,GA
Pierce County,1,0,GA
Stephenson County,1,0,IL
Pulaski County,1,0,GA
Armstrong County,1,0,PA
Randolph County,1,0,GA
Greene County,1,0,GA
Roosevelt County,1,0,MT
Ravalli County,1,0,MT
Lincoln County,1,0,MT
Stephens County,1,0,GA
Jefferson County,1,0,MT
Hill County,1,0,MT
Glacier County,1,0,MT
Taylor County,1,0,GA
Thomas County,1,0,GA
Toombs County,1,0,GA
Nemaha County,1,0,NE
Madison County,1,0,NE
Gage County,1,0,NE
Ware County,1,0,GA
Adams County,1,0,NE
White County,1,0,GA
Franklin County,1,0,NY
Washington County,1,0,IL
Meriwether County,1,0,GA
Wapello County,1,0,IA
Sweetwater County,1,0,WY
Heard County,1,0,GA
Pennington County,1,1,SD
Meade County,1,0,SD
Lyman County,1,0,SD
Hughes County,1,0,SD
Codington County,1,0,SD
Charles Mix County,1,0,SD
Brookings County,1,0,SD
Bon Homme County,1,0,SD
Whiteside County,1,0,IL
Wood County,1,0,WV
Raleigh County,1,0,WV
Marion County,1,0,WV
Logan County,1,0,WV
Jackson County,1,0,GA
Jones County,1,0,GA
Hancock County,1,0,WV
Walsh County,1,0,ND
Unassigned,1.0,0.0,ND
Vermilion Parish,1,0,LA
Liberty County,1,0,GA
Lincoln County,1,0,GA
McHenry County,1,0,ND
Foster County,1,0,ND
Dunn County,1,0,ND
Long County,1,0,GA
Macon County,1,0,GA
Blair County,1,0,PA
Wilkes County,1,0,GA
Fulton County,1,0,NY
Angelina County,1,0,TX
Bourbon County,1,0,KS
Valley County,1,0,ID
Twin Falls County,1,0,ID
Payette County,1,0,ID
Nez Perce County,1,0,ID
Idaho County,1,0,ID
Fremont County,1,0,ID
Custer County,1,0,ID
Cassia County,1,0,ID
Hale County,1,0,TX
Unassigned,1.0,0.0,ME
Madison Parish,1,0,LA
Fannin County,1,0,GA
Hood County,1,0,TX
Knox County,1,0,ME
Hopkins County,1,0,TX
Franklin County,1,0,ME
Hunt County,1,0,TX
Karnes County,1,0,TX
Lamar County,1,0,TX
Lavaca County,1,0,TX
Liberty County,1,0,TX
Limestone County,1,0,TX
Caledonia County,1,0,VT
Winneshiek County,1,0,IA
Martin County,1,0,TX
Warren County,1,0,IA
Gaines County,1,0,TX
Doniphan County,1,0,KS
Franklin County,1,0,KS
Crane County,1,0,TX
San Miguel County,1,0,NM
Austin County,1,0,TX
Lea County,1,0,NM
Eddy County,1,1,NM
Curry County,1,0,NM
Cibola County,1,0,NM
Blanco County,1,0,TX
Bowie County,1,0,TX
Burnet County,1,0,TX
Cass County,1,0,TX
Coryell County,1,0,TX
Sullivan County,1,0,NH
Richland Parish,1,0,LA
Jackson County,1,0,KS
Cheshire County,1,0,NH
Pointe Coupee Parish,1,0,LA
Erath County,1,0,TX
Woodson County,1,0,KS
Falls County,1,0,TX
Cambria County,1,0,PA
Riley County,1,0,KS
Pottawatomie County,1,0,KS
Neosho County,1,0,KS
Fannin County,1,0,TX
Fayette County,1,0,TX
Jefferson County,1,0,KS
Adams County,1,0,IL
Indiana County,1,0,PA
Val Verde County,1,0,TX
Franklin County,1,0,VA
Harris County,1,0,GA
Botetourt County,1,0,VA
Charles City County,1,0,VA
Dare County,1,0,NC
Livingston County,1,0,IL
Fluvanna County,1,0,VA
Fredericksburg County,1,0,VA
Douglas County,1,0,IL
Halifax County,1,0,VA
Hampton County,1,0,VA
Mecosta County,1,0,MI
Marquette County,1,0,MI
Manistee County,1,0,MI
Madison County,1,0,VA
Missaukee County,1,0,MI
Amherst County,1,0,VA
Davie County,1,0,NC
Duplin County,1,0,NC
Granville County,1,0,NC
Hyde County,1,0,NC
Burke County,1,0,GA
Jackson County,1,0,NC
Smith County,1,0,MS
Simpson County,1,0,MS
Lee County,1,0,NC
Prentiss County,1,0,MS
Lincoln County,1,0,NC
Perry County,1,0,MS
Mitchell County,1,0,NC
Montgomery County,1,0,NC
Noxubee County,1,0,MS
Mathews County,1,0,VA
Nelson County,1,0,VA
Northampton County,1,0,NC
Chattooga County,1,0,GA
Clay County,1,0,AL
Cleburne County,1,0,AL
Coffee County,1,0,AL
Colbert County,1,0,AL
Coosa County,1,0,AL
DeKalb County,1,0,AL
Lamar County,1,0,AL
Nottoway County,1,0,VA
Lawrence County,1,0,AL
Lowndes County,1,0,AL
Lycoming County,1,0,PA
Marengo County,1,0,AL
Lawrence County,1,0,OH
DeKalb County,1,0,IL
Mercer County,1,0,OH
Cherokee County,1,0,AL
Bradford County,1,0,FL
Butler County,1,0,AL
Charlton County,1,0,GA
Pickaway County,1,0,OH
Sandusky County,1,0,OH
Seneca County,1,0,OH
Warren County,1,0,VA
Catoosa County,1,0,GA
Leelanau County,1,0,MI
Suffolk County,1,0,VA
Washington County,1,0,OH
Roanoke County,1,0,VA
Wayne County,1,0,OH
Radford County,1,0,VA
Orange County,1,0,VA
Newton County,1,0,MS
Marion County,1,0,MS
Van Zandt County,1,0,TX
Waupaca County,1,0,WI
Scott County,1,1,IN
Rush County,1,0,IN
Vilas County,1,0,WI
Posey County,1,0,IN
Orange County,1,0,IN
Columbia County,1,0,WA
Ohio County,1,0,IN
Kent County,1,0,MD
Wood County,1,0,WI
Jackson County,1,0,IL
Noble County,1,0,IN
Caroline County,1,0,MD
Miami County,1,0,IN
Marshall County,1,0,IN
Starke County,1,0,IN
Portage County,1,0,WI
Sullivan County,1,0,IN
Monroe County,1,0,WI
Ferry County,1,0,WA
Marathon County,1,0,WI
Baker County,1,0,GA
Juneau County,1,0,WI
Warren County,1,0,IN
Green County,1,0,WI
Grant County,1,0,WI
Dunn County,1,0,WI
Wayne County,1,0,IN
Wells County,1,0,IN
Grays Harbor County,1,0,WA
Bayfield County,1,0,WI
Clark County,1,0,WI
Jo Daviess County,1,0,IL
Adams County,1,0,WA
Pasquotank County,1,0,NC
Oceana County,1,0,MI
Adams County,1,0,IN
Clay County,1,0,MS
Ogemaw County,1,0,MI
Susquehanna County,1,0,PA
George County,1,0,MS
Okanogan County,1,0,WA
Humphreys County,1,0,MS
Somerset County,1,0,MD
Jones County,1,0,MS
Unassigned,1.0,0.0,NC
Surry County,1,0,NC
Scotland County,1,0,NC
Potter County,1,0,PA
Person County,1,0,NC
Brown County,1,0,IN
DeKalb County,1,0,IN
Benton County,1,0,MS
Ben Hill County,1,0,GA
Amite County,1,0,MS
Dubois County,1,0,IN
Fountain County,1,0,IN
Roscommon County,1,0,MI
Grundy County,1,0,IL
Sanilac County,1,0,MI
Shiawassee County,1,0,MI
Warren County,1,0,PA
Nye County,1,0,NV
Lyon County,1,0,NV
Wexford County,1,0,MI
Talbot County,1,0,MD
Lincoln County,1,0,WA
Logan County,1,0,IL
Jefferson County,1,0,OH
Pickens County,1,0,AL
Drew County,1,0,AR
Otero County,1,0,CO
Columbia County,1,0,AR
Conway County,1,0,AR
Crawford County,1,0,AR
La Plata County,1,0,CO
Cross County,1,0,AR
Greene County,1,0,AR
Pike County,1,0,AR
Hempstead County,1,0,AR
Hot Spring County,1,0,AR
Huerfano County,1,0,CO
Hinsdale County,1,0,CO
Lawrence County,1,0,AR
Bienville Parish,1,1,LA
Park County,1,0,CO
Boone County,1,0,AR
San Miguel County,1,0,CO
Yuma County,1,0,CO
Wilkin County,1,0,MN
Chippewa County,1,0,WI
Bedford County,1,0,TN
Sibley County,1,0,MN
Sherburne County,1,0,MN
Renville County,1,0,MN
Chester County,1,0,TN
Claiborne County,1,0,TN
Cocke County,1,0,TN
Juniata County,1,0,PA
DeKalb County,1,0,TN
Lac qui Parle County,1,0,MN
Kandiyohi County,1,0,MN
Lonoke County,1,0,AR
Polk County,1,0,AR
Pike County,1,0,AL
Craig County,1,0,OK
Young County,1,0,TX
Union County,1,0,OR
Wilson County,1,0,TX
Bryan County,1,0,OK
Carter County,1,0,OK
Salem County,1,0,NJ
Dodge County,1,0,GA
Pope County,1,0,AR
Delaware County,1,0,OK
Grady County,1,0,OK
Jackson County,1,0,OK
Walker County,1,0,TX
Lincoln County,1,0,OK
Mayes County,1,0,OK
Grant Parish,1,0,LA
Lincoln County,1,0,OR
Klamath County,1,0,OR
Hood River County,1,0,OR
Grant County,1,0,OR
Crowley County,1,1,CO
Delta County,1,0,CO
Clatsop County,1,0,OR
Woodruff County,1,0,AR
White County,1,0,AR
Catahoula Parish,1,1,LA
Union County,1,0,AR
Fremont County,1,0,CO
Stone County,1,0,AR
Sevier County,1,0,AR
Randolph County,1,0,AR
Inyo County,1,0,CA
Jackson County,1,0,MN
Goodhue County,1,0,MN
Franklin County,1,0,TN
Saluda County,1,0,SC
Clare County,1,0,MI
Marion County,1,0,SC
Marlboro County,1,0,SC
Newberry County,1,0,SC
Ashland County,1,0,OH
Chippewa County,1,0,MI
Clinch County,1,0,GA
White County,1,0,TN
Union County,1,0,SC
Williamsburg County,1,0,SC
Jackson County,1,0,FL
Adair County,1,0,MO
Bates County,1,0,MO
Cass County,1,0,MI
Champaign County,1,0,OH
Edgefield County,1,0,SC
Crawford County,1,0,OH
Dillon County,1,0,SC
Gadsden County,1,0,FL
Colleton County,1,0,SC
Darke County,1,0,OH
Chester County,1,0,SC
Calhoun County,1,0,SC
Cumberland County,1,0,IL
Fayette County,1,0,OH
Gallia County,1,1,OH
Washington County,1,0,AL
Iosco County,1,0,MI
Hancock County,1,0,OH
Highland County,1,0,OH
Russell County,1,0,AL
Camden County,1,0,MO
Christian County,1,0,IL
Cass County,1,0,MN
Christian County,1,0,MO
Grundy County,1,0,TN
Big Stone County,1,0,MN
Benton County,1,0,MN
Hardin County,1,0,TN
Hawkins County,1,0,TN
Lewis County,1,0,TN
Marshall County,1,0,IL
Lincoln County,1,0,TN
Lawrence County,1,0,PA
Iron County,1,0,UT
Allegan County,1,0,MI
Marion County,1,0,TN
Taney County,1,0,MO
Barry County,1,0,MI
Shelby County,1,0,MO
Scott County,1,0,MO
Randolph County,1,0,MO
Clinton County,1,0,MO
Cooper County,1,0,MO
Dunklin County,1,0,MO
Henry County,1,0,MO
Scott County,1,0,TN
Roane County,1,0,TN
McDonald County,1,0,MO
Montgomery County,1,0,MO
Perry County,1,0,TN
Pemiscot County,1,0,MO
Overton County,1,0,TN
Ralls County,1,0,MO
Sampson County,1,0,NC
Unassigned,0.0,2.0,AZ
Unassigned,0.0,49.0,NY
