,county,countyConfirmed,countyDeaths,state
0,Albany County,171,0,NY
1,Allegany County,2,0,NY
2,Broome County,16,2,NY
3,Cayuga County,2,0,NY
4,Chautauqua County,2,0,NY
5,Chemung County,7,0,NY
6,Chenango County,3,0,NY
7,Clinton County,11,0,NY
8,Columbia County,19,0,NY
9,Cortland County,3,0,NY
10,Delaware County,7,0,NY
11,Dutchess County,190,1,NY
12,Erie County,146,1,NY
13,Essex County,5,0,NY
14,Franklin County,1,0,NY
15,Fulton County,1,0,NY
16,Genesee County,4,0,NY
17,Greene County,5,0,NY
18,Hamilton County,2,0,NY
19,Herkimer County,7,0,NY
20,Jefferson County,3,0,NY
21,Livingston County,3,0,NY
22,Madison County,9,1,NY
23,Monroe County,142,3,NY
24,Montgomery County,5,0,NY
25,Nassau County,3914,17,NY
26,New York City,21873,281,NY
27,Niagara County,14,0,NY
28,Oneida County,13,0,NY
29,Onondaga County,83,1,NY
30,Ontario County,11,0,NY
31,Orange County,751,1,NY
32,Orleans County,2,0,NY
33,Oswego County,4,0,NY
34,Otsego County,3,0,NY
35,Putnam County,94,0,NY
36,Rensselaer County,38,0,NY
37,Rockland County,1197,5,NY
38,Saratoga County,73,0,NY
39,Schenectady County,62,1,NY
40,Schoharie County,2,0,NY
41,St. Lawrence County,2,0,NY
42,Steuben County,11,0,NY
43,Suffolk County,2735,20,NY
44,Sullivan County,53,0,NY
45,Tioga County,2,0,NY
46,Tompkins County,23,0,NY
47,Ulster County,78,0,NY
48,Unassigned,0.0,49.0,NY
49,Warren County,2,0,NY
50,Washington County,4,0,NY
51,Wayne County,8,0,NY
52,Westchester County,5944,1,NY
53,Wyoming County,7,1,NY
0,Atlantic County,12,0,NJ
1,Bergen County,819,6,NJ
2,Burlington County,48,0,NJ
3,Camden County,61,1,NJ
4,Cape May County,4,0,NJ
5,Cumberland County,3,0,NJ
6,Essex County,381,4,NJ
7,Gloucester County,23,0,NJ
8,Hudson County,260,1,NJ
9,Hunterdon County,25,0,NJ
10,Mercer County,82,0,NJ
11,Middlesex County,316,0,NJ
12,Monmouth County,313,3,NJ
13,Morris County,223,1,NJ
14,Ocean County,222,1,NJ
15,Passaic County,255,0,NJ
16,Salem County,1,0,NJ
17,Somerset County,117,1,NJ
18,Sussex County,32,0,NJ
19,Unassigned,3399.0,63.0,NJ
20,Union County,262,0,NJ
21,Warren County,18,0,NJ
0,Alameda County,135,2,CA
1,Amador County,2,0,CA
2,Butte County,4,0,CA
3,Calaveras County,2,0,CA
4,Contra Costa County,108,1,CA
5,El Dorado County,3,0,CA
6,Fresno County,19,0,CA
7,Humboldt County,10,0,CA
8,Imperial County,9,0,CA
9,Inyo County,1,0,CA
10,Kern County,24,0,CA
11,Los Angeles County,812,13,CA
12,Madera County,7,0,CA
13,Marin County,60,0,CA
14,Mendocino County,2,0,CA
15,Merced County,2,0,CA
16,Mono County,4,0,CA
17,Monterey County,24,1,CA
18,Napa County,6,0,CA
19,Nevada County,7,0,CA
20,Orange County,187,1,CA
21,Placer County,30,1,CA
22,Riverside County,105,8,CA
23,Sacramento County,113,5,CA
24,San Benito County,9,1,CA
25,San Bernardino County,54,2,CA
26,San Diego County,293,2,CA
27,San Francisco County,223,2,CA
28,San Joaquin County,71,3,CA
29,San Luis Obispo County,46,0,CA
30,San Mateo County,195,5,CA
31,Santa Barbara County,26,0,CA
32,Santa Clara County,459,17,CA
33,Santa Cruz County,25,0,CA
34,Shasta County,3,1,CA
35,Siskiyou County,3,0,CA
36,Solano County,31,0,CA
37,Sonoma County,37,1,CA
38,Stanislaus County,12,0,CA
39,Sutter County,2,0,CA
40,Tulare County,18,0,CA
41,Ventura County,50,1,CA
42,Yolo County,11,1,CA
43,Yuba County,3,0,CA
0,Allegan County,1,0,MI
1,Barry County,1,0,MI
2,Bay County,4,0,MI
3,Berrien County,11,0,MI
4,Calhoun County,7,0,MI
5,Cass County,1,0,MI
6,Charlevoix County,4,0,MI
7,Chippewa County,1,0,MI
8,Clare County,1,0,MI
9,Clinton County,7,0,MI
10,Eaton County,4,0,MI
11,Emmet County,2,0,MI
12,Genesee County,63,0,MI
13,Gladwin County,2,0,MI
14,Grand Traverse County,3,0,MI
15,Hillsdale County,5,0,MI
16,Ingham County,22,0,MI
17,Ionia County,2,0,MI
18,Iosco County,1,0,MI
19,Isabella County,3,0,MI
20,Jackson County,17,0,MI
21,Kalamazoo County,10,0,MI
22,Kalkaska County,2,0,MI
23,Kent County,41,1,MI
24,Lapeer County,3,0,MI
25,Leelanau County,1,0,MI
26,Lenawee County,5,0,MI
27,Livingston County,21,1,MI
28,Macomb County,347,7,MI
29,Manistee County,1,0,MI
30,Marquette County,1,0,MI
31,Mecosta County,1,0,MI
32,Midland County,6,0,MI
33,Missaukee County,1,0,MI
34,Monroe County,21,0,MI
35,Montcalm County,3,0,MI
36,Muskegon County,3,0,MI
37,Newaygo County,2,0,MI
38,Oakland County,668,10,MI
39,Oceana County,1,0,MI
40,Ogemaw County,1,0,MI
41,Otsego County,7,0,MI
42,Ottawa County,18,0,MI
43,Roscommon County,1,0,MI
44,Saginaw County,10,0,MI
45,Sanilac County,1,0,MI
46,Shiawassee County,1,0,MI
47,St. Clair County,13,0,MI
48,Tuscola County,2,0,MI
49,Unassigned,20.0,0.0,MI
50,Van Buren County,2,0,MI
51,Washtenaw County,92,3,MI
52,Wayne County,1389,21,MI
53,Wexford County,1,0,MI
0,Adams County,1,0,WA
1,Benton County,13,4,WA
2,Chelan County,10,1,WA
3,Clallam County,4,0,WA
4,Clark County,16,4,WA
5,Columbia County,1,0,WA
6,Cowlitz County,3,0,WA
7,Douglas County,2,0,WA
8,Ferry County,1,0,WA
9,Franklin County,8,0,WA
10,Grant County,27,1,WA
11,Grays Harbor County,1,0,WA
12,Island County,54,1,WA
13,Jefferson County,10,0,WA
14,King County,1359,100,WA
15,Kitsap County,27,0,WA
16,Kittitas County,6,0,WA
17,Klickitat County,6,0,WA
18,Lewis County,2,0,WA
19,Lincoln County,1,0,WA
20,Mason County,2,0,WA
21,Okanogan County,1,0,WA
22,Pierce County,155,2,WA
23,San Juan County,2,0,WA
24,Skagit County,63,1,WA
25,Snohomish County,634,16,WA
26,Spokane County,54,0,WA
27,Stevens County,2,0,WA
28,Thurston County,14,0,WA
29,Walla Walla County,2,0,WA
30,Whatcom County,66,2,WA
31,Whitman County,2,0,WA
32,Yakima County,51,1,WA
0,Alachua County,49,0,FL
1,Baker County,5,0,FL
2,Bay County,3,0,FL
3,Bradford County,1,0,FL
4,Brevard County,13,0,FL
5,Broward County,504,3,FL
6,Charlotte County,3,0,FL
7,Citrus County,11,0,FL
8,Clay County,19,4,FL
9,Collier County,65,0,FL
10,Columbia County,3,0,FL
11,DeSoto County,5,0,FL
12,Duval County,74,3,FL
13,Escambia County,19,0,FL
14,Flagler County,7,0,FL
15,Gadsden County,1,0,FL
16,Hernando County,9,0,FL
17,Highlands County,5,0,FL
18,Hillsborough County,142,0,FL
19,Indian River County,13,0,FL
20,Jackson County,1,0,FL
21,Lake County,25,0,FL
22,Lee County,56,3,FL
23,Leon County,9,1,FL
24,Manatee County,26,1,FL
25,Marion County,5,0,FL
26,Martin County,8,0,FL
27,Miami-Dade County,616,0,FL
28,Monroe County,12,0,FL
29,Nassau County,5,0,FL
30,Okaloosa County,21,0,FL
31,Orange County,110,4,FL
32,Osceola County,42,0,FL
33,Palm Beach County,169,3,FL
34,Pasco County,19,1,FL
35,Pinellas County,64,1,FL
36,Polk County,17,0,FL
37,Putnam County,12,0,FL
38,Santa Rosa County,9,1,FL
39,Sarasota County,34,1,FL
40,Seminole County,37,0,FL
41,St. Johns County,33,1,FL
42,St. Lucie County,10,0,FL
43,Sumter County,24,0,FL
44,Volusia County,29,0,FL
45,Walton County,13,0,FL
0,Acadia Parish,3,0,LA
1,Allen Parish,5,0,LA
2,Ascension Parish,91,1,LA
3,Assumption Parish,5,0,LA
4,Avoyelles Parish,7,0,LA
5,Beauregard Parish,3,0,LA
6,Bienville Parish,1,1,LA
7,Bossier Parish,32,0,LA
8,Caddo Parish,115,1,LA
9,Calcasieu Parish,15,1,LA
10,Catahoula Parish,1,1,LA
11,Claiborne Parish,2,1,LA
12,De Soto Parish,11,0,LA
13,East Baton Rouge Parish,105,4,LA
14,East Feliciana Parish,4,0,LA
15,Evangeline Parish,2,0,LA
16,Grant Parish,1,0,LA
17,Iberia Parish,3,0,LA
18,Iberville Parish,17,1,LA
19,Jackson Parish,1,0,LA
20,Jefferson Davis Parish,1,0,LA
21,Jefferson Parish,458,12,LA
22,Lafayette Parish,30,0,LA
23,Lafourche Parish,28,1,LA
24,Lincoln Parish,3,0,LA
25,Livingston Parish,11,0,LA
26,Madison Parish,1,0,LA
27,Morehouse Parish,3,0,LA
28,Natchitoches Parish,2,0,LA
29,Orleans Parish,997,46,LA
30,Ouachita Parish,19,1,LA
31,Plaquemines Parish,13,0,LA
32,Pointe Coupee Parish,1,0,LA
33,Rapides Parish,25,1,LA
34,Richland Parish,1,0,LA
35,St. Bernard Parish,28,1,LA
36,St. Charles Parish,22,2,LA
37,St. James Parish,29,1,LA
38,St. John the Baptist Parish,38,2,LA
39,St. Landry Parish,5,0,LA
40,St. Martin Parish,2,0,LA
41,St. Mary Parish,5,0,LA
42,St. Tammany Parish,89,1,LA
43,Tangipahoa Parish,7,0,LA
44,Terrebonne Parish,21,0,LA
45,Unassigned,14.0,1.0,LA
46,Union Parish,2,0,LA
47,Vermilion Parish,1,0,LA
48,Vernon Parish,2,0,LA
49,Washington Parish,6,1,LA
50,Webster Parish,8,1,LA
51,West Baton Rouge Parish,8,1,LA
52,Winn Parish,1,0,LA
0,Adams County,1,0,IL
1,Champaign County,8,0,IL
2,Christian County,1,0,IL
3,Clinton County,4,0,IL
4,Cook County,1418,14,IL
5,Cumberland County,1,0,IL
6,DeKalb County,1,0,IL
7,Douglas County,1,0,IL
8,DuPage County,131,0,IL
9,Grundy County,1,0,IL
10,Jackson County,1,0,IL
11,Jo Daviess County,1,0,IL
12,Kane County,38,1,IL
13,Kankakee County,6,0,IL
14,Kendall County,6,0,IL
15,LaSalle County,3,0,IL
16,Lake County,139,0,IL
17,Livingston County,1,0,IL
18,Logan County,1,0,IL
19,Madison County,3,0,IL
20,Marshall County,1,0,IL
21,McHenry County,19,0,IL
22,McLean County,8,1,IL
23,Monroe County,2,0,IL
24,Peoria County,4,0,IL
25,Rock Island County,3,0,IL
26,Sangamon County,5,1,IL
27,St. Clair County,7,0,IL
28,Stephenson County,1,0,IL
29,Unassigned,2.0,0.0,IL
30,Washington County,1,0,IL
31,Whiteside County,1,0,IL
32,Will County,40,2,IL
33,Winnebago County,7,0,IL
34,Woodford County,3,0,IL
0,Barnstable County,51,1,MA
1,Berkshire County,71,0,MA
2,Bristol County,67,0,MA
3,Essex County,177,0,MA
4,Franklin County,14,0,MA
5,Hampden County,45,0,MA
6,Hampshire County,11,0,MA
7,Middlesex County,446,1,MA
8,Norfolk County,222,1,MA
9,Plymouth County,101,0,MA
10,Suffolk County,342,1,MA
11,Unassigned,162.0,9.0,MA
12,Worcester County,129,2,MA
0,Adams County,7,0,PA
1,Allegheny County,133,2,PA
2,Armstrong County,1,0,PA
3,Beaver County,13,0,PA
4,Berks County,36,0,PA
5,Blair County,1,0,PA
6,Bradford County,2,0,PA
7,Bucks County,110,0,PA
8,Butler County,19,1,PA
9,Cambria County,1,0,PA
10,Carbon County,2,0,PA
11,Centre County,9,0,PA
12,Chester County,84,0,PA
13,Clearfield County,2,0,PA
14,Columbia County,3,0,PA
15,Crawford County,1,0,PA
16,Cumberland County,15,0,PA
17,Dauphin County,13,0,PA
18,Delaware County,156,2,PA
19,Erie County,5,0,PA
20,Fayette County,8,0,PA
21,Franklin County,5,0,PA
22,Greene County,3,0,PA
23,Indiana County,1,0,PA
24,Juniata County,1,0,PA
25,Lackawanna County,28,2,PA
26,Lancaster County,21,0,PA
27,Lawrence County,1,0,PA
28,Lebanon County,4,0,PA
29,Lehigh County,63,1,PA
30,Luzerne County,36,1,PA
31,Lycoming County,1,0,PA
32,Mercer County,3,0,PA
33,Monroe County,67,2,PA
34,Montgomery County,282,2,PA
35,Montour County,4,0,PA
36,Northampton County,56,3,PA
37,Philadelphia County,402,1,PA
38,Pike County,15,0,PA
39,Potter County,1,0,PA
40,Schuylkill County,9,0,PA
41,Somerset County,2,0,PA
42,Susquehanna County,1,0,PA
43,Warren County,1,0,PA
44,Washington County,12,0,PA
45,Wayne County,6,0,PA
46,Westmoreland County,24,0,PA
47,York County,21,0,PA
0,Baker County,1,0,GA
1,Baldwin County,2,0,GA
2,Barrow County,4,0,GA
3,Bartow County,86,1,GA
4,Ben Hill County,1,0,GA
5,Bibb County,8,0,GA
6,Bryan County,3,0,GA
7,Burke County,1,0,GA
8,Butts County,3,0,GA
9,Camden County,2,0,GA
10,Carroll County,50,0,GA
11,Catoosa County,1,0,GA
12,Charlton County,1,0,GA
13,Chatham County,9,0,GA
14,Chattooga County,1,0,GA
15,Cherokee County,38,0,GA
16,Clarke County,24,1,GA
17,Clayton County,32,0,GA
18,Clinch County,1,0,GA
19,Cobb County,115,2,GA
20,Coffee County,2,0,GA
21,Colquitt County,4,0,GA
22,Columbia County,10,0,GA
23,Coweta County,12,0,GA
24,Crisp County,4,0,GA
25,Dawson County,3,0,GA
26,DeKalb County,129,0,GA
27,Decatur County,2,0,GA
28,Dodge County,1,0,GA
29,Dougherty County,156,6,GA
30,Douglas County,18,0,GA
31,Early County,7,1,GA
32,Effingham County,3,0,GA
33,Fannin County,1,0,GA
34,Fayette County,14,1,GA
35,Floyd County,16,1,GA
36,Forsyth County,15,0,GA
37,Fulton County,211,2,GA
38,Glynn County,5,0,GA
39,Gordon County,9,0,GA
40,Greene County,1,0,GA
41,Gwinnett County,75,1,GA
42,Hall County,21,0,GA
43,Harris County,1,0,GA
44,Heard County,1,0,GA
45,Henry County,25,0,GA
46,Houston County,9,0,GA
47,Irwin County,2,0,GA
48,Jackson County,1,0,GA
49,Jasper County,2,0,GA
50,Jones County,1,0,GA
51,Lamar County,3,0,GA
52,Laurens County,7,0,GA
53,Lee County,30,0,GA
54,Liberty County,1,0,GA
55,Lincoln County,1,0,GA
56,Long County,1,0,GA
57,Lowndes County,12,0,GA
58,Lumpkin County,4,0,GA
59,Macon County,1,0,GA
60,Madison County,2,0,GA
61,Meriwether County,1,0,GA
62,Miller County,2,0,GA
63,Mitchell County,10,0,GA
64,Monroe County,3,0,GA
65,Morgan County,1,0,GA
66,Muscogee County,5,0,GA
67,Newton County,10,0,GA
68,Oconee County,7,0,GA
69,Paulding County,7,0,GA
70,Peach County,5,0,GA
71,Pickens County,4,0,GA
72,Pierce County,1,0,GA
73,Polk County,10,0,GA
74,Pulaski County,1,0,GA
75,Randolph County,1,0,GA
76,Richmond County,10,0,GA
77,Rockdale County,12,0,GA
78,Seminole County,2,0,GA
79,Spalding County,11,0,GA
80,Stephens County,1,0,GA
81,Sumter County,5,0,GA
82,Tattnall County,2,0,GA
83,Taylor County,1,0,GA
84,Terrell County,5,0,GA
85,Thomas County,1,0,GA
86,Tift County,5,0,GA
87,Toombs County,1,0,GA
88,Troup County,10,0,GA
89,Turner County,2,0,GA
90,Twiggs County,2,0,GA
91,Unassigned,166.0,32.0,GA
92,Ware County,1,0,GA
93,Washington County,2,0,GA
94,White County,1,0,GA
95,Whitfield County,5,0,GA
96,Wilkes County,1,0,GA
97,Worth County,5,0,GA
0,Angelina County,1,0,TX
1,Atascosa County,2,0,TX
2,Austin County,1,0,TX
3,Bastrop County,2,0,TX
4,Bell County,19,0,TX
5,Bexar County,84,3,TX
6,Blanco County,1,0,TX
7,Bowie County,1,0,TX
8,Brazoria County,33,0,TX
9,Brazos County,28,0,TX
10,Brown County,3,0,TX
11,Burnet County,1,0,TX
12,Calhoun County,2,0,TX
13,Cameron County,10,0,TX
14,Cass County,1,0,TX
15,Castro County,6,0,TX
16,Chambers County,2,0,TX
17,Collin County,66,1,TX
18,Comal County,8,0,TX
19,Coryell County,1,0,TX
20,Crane County,1,0,TX
21,Dallas County,303,7,TX
22,DeWitt County,2,0,TX
23,Deaf Smith County,2,0,TX
24,Denton County,70,0,TX
25,Eastland County,2,0,TX
26,El Paso County,28,0,TX
27,Ellis County,7,0,TX
28,Erath County,1,0,TX
29,Falls County,1,0,TX
30,Fannin County,1,0,TX
31,Fayette County,1,0,TX
32,Fort Bend County,54,0,TX
33,Gaines County,1,0,TX
34,Galveston County,27,0,TX
35,Grayson County,2,0,TX
36,Gregg County,3,0,TX
37,Grimes County,2,0,TX
38,Guadalupe County,9,0,TX
39,Hale County,1,0,TX
40,Hardin County,2,0,TX
41,Harris County,185,1,TX
42,Hays County,11,0,TX
43,Hidalgo County,8,0,TX
44,Hockley County,5,0,TX
45,Hood County,1,0,TX
46,Hopkins County,1,0,TX
47,Hunt County,1,0,TX
48,Jefferson County,7,0,TX
49,Johnson County,3,0,TX
50,Karnes County,1,0,TX
51,Kaufman County,2,0,TX
52,Kendall County,3,0,TX
53,Lamar County,1,0,TX
54,Lavaca County,1,0,TX
55,Liberty County,1,0,TX
56,Limestone County,1,0,TX
57,Llano County,2,0,TX
58,Lubbock County,19,0,TX
59,Martin County,1,0,TX
60,Matagorda County,9,1,TX
61,Maverick County,1,0,TX
62,McLennan County,28,0,TX
63,Medina County,1,0,TX
64,Midland County,4,1,TX
65,Milam County,2,0,TX
66,Montgomery County,31,0,TX
67,Morris County,1,0,TX
68,Nacogdoches County,1,0,TX
69,Nueces County,14,0,TX
70,Oldham County,1,1,TX
71,Orange County,1,0,TX
72,Parker County,2,0,TX
73,Potter County,3,0,TX
74,Randall County,2,0,TX
75,Reeves County,1,0,TX
76,Robertson County,1,0,TX
77,Rockwall County,2,0,TX
78,Rusk County,2,0,TX
79,San Patricio County,2,0,TX
80,Shelby County,1,0,TX
81,Smith County,16,1,TX
82,Starr County,1,0,TX
83,Swisher County,1,0,TX
84,Tarrant County,100,1,TX
85,Taylor County,1,0,TX
86,Terry County,3,0,TX
87,Tom Green County,2,0,TX
88,Travis County,119,0,TX
89,Val Verde County,1,0,TX
90,Van Zandt County,1,0,TX
91,Victoria County,3,0,TX
92,Walker County,1,0,TX
93,Waller County,3,0,TX
94,Webb County,11,0,TX
95,Wharton County,3,0,TX
96,Wichita County,10,0,TX
97,Williamson County,22,0,TX
98,Wilson County,1,0,TX
99,Young County,1,0,TX
0,Adams County,38,0,CO
1,Arapahoe County,88,1,CO
2,Boulder County,51,0,CO
3,Broomfield County,8,0,CO
4,Chaffee County,3,0,CO
5,Clear Creek County,3,0,CO
6,Crowley County,1,1,CO
7,Delta County,1,0,CO
8,Denver County,214,3,CO
9,Douglas County,58,0,CO
10,Eagle County,120,1,CO
11,El Paso County,122,5,CO
12,Elbert County,3,0,CO
13,Fremont County,1,0,CO
14,Garfield County,13,0,CO
15,Grand County,2,0,CO
16,Gunnison County,52,1,CO
17,Hinsdale County,1,0,CO
18,Huerfano County,1,0,CO
19,Jefferson County,93,2,CO
20,La Plata County,1,0,CO
21,Larimer County,45,1,CO
22,Logan County,2,0,CO
23,Mesa County,6,0,CO
24,Montrose County,4,0,CO
25,Morgan County,3,0,CO
26,Otero County,1,0,CO
27,Park County,1,0,CO
28,Pitkin County,21,0,CO
29,Pueblo County,3,0,CO
30,Routt County,6,0,CO
31,San Miguel County,1,0,CO
32,Summit County,9,0,CO
33,Teller County,5,1,CO
34,Unassigned,18.0,0.0,CO
35,Weld County,87,4,CO
36,Yuma County,1,0,CO
0,Anderson County,3,0,TN
1,Bedford County,1,0,TN
2,Blount County,3,0,TN
3,Bradley County,3,0,TN
4,Campbell County,2,0,TN
5,Carroll County,3,0,TN
6,Cheatham County,7,0,TN
7,Chester County,1,0,TN
8,Claiborne County,1,0,TN
9,Cocke County,1,0,TN
10,Cumberland County,3,0,TN
11,Davidson County,293,2,TN
12,DeKalb County,1,0,TN
13,Dickson County,5,0,TN
14,Dyer County,2,0,TN
15,Fayette County,3,0,TN
16,Franklin County,1,0,TN
17,Gibson County,2,0,TN
18,Greene County,7,0,TN
19,Grundy County,1,0,TN
20,Hamblen County,2,0,TN
21,Hamilton County,26,1,TN
22,Hardin County,1,0,TN
23,Hawkins County,1,0,TN
24,Houston County,3,0,TN
25,Jefferson County,4,0,TN
26,Knox County,20,0,TN
27,Lewis County,1,0,TN
28,Lincoln County,1,0,TN
29,Loudon County,3,0,TN
30,Madison County,2,0,TN
31,Marion County,1,0,TN
32,Maury County,7,0,TN
33,McMinn County,2,0,TN
34,Monroe County,2,0,TN
35,Montgomery County,6,0,TN
36,Overton County,1,0,TN
37,Perry County,1,0,TN
38,Putnam County,9,0,TN
39,Roane County,1,0,TN
40,Robertson County,15,0,TN
41,Rutherford County,19,0,TN
42,Scott County,1,0,TN
43,Sevier County,2,0,TN
44,Shelby County,198,0,TN
45,Sullivan County,2,0,TN
46,Sumner County,36,0,TN
47,Tipton County,6,0,TN
48,Unassigned,181.0,0.0,TN
49,Washington County,7,0,TN
50,White County,1,0,TN
51,Williamson County,66,0,TN
52,Wilson County,10,0,TN
0,Fairfield County,546,12,CT
1,Hartford County,116,2,CT
2,Litchfield County,33,0,CT
3,Middlesex County,15,0,CT
4,New Haven County,127,2,CT
5,New London County,9,0,CT
6,Tolland County,27,3,CT
7,Windham County,2,0,CT
0,Ashland County,1,0,OH
1,Ashtabula County,3,0,OH
2,Belmont County,3,0,OH
3,Butler County,18,0,OH
4,Carroll County,3,0,OH
5,Champaign County,1,0,OH
6,Clark County,2,0,OH
7,Clermont County,5,0,OH
8,Clinton County,2,0,OH
9,Columbiana County,4,0,OH
10,Coshocton County,4,0,OH
11,Crawford County,1,0,OH
12,Cuyahoga County,206,2,OH
13,Darke County,1,0,OH
14,Defiance County,2,0,OH
15,Delaware County,12,0,OH
16,Erie County,2,1,OH
17,Fairfield County,5,0,OH
18,Fayette County,1,0,OH
19,Franklin County,88,2,OH
20,Gallia County,1,1,OH
21,Geauga County,4,0,OH
22,Greene County,3,0,OH
23,Hamilton County,48,0,OH
24,Hancock County,1,0,OH
25,Highland County,1,0,OH
26,Huron County,2,0,OH
27,Jefferson County,1,0,OH
28,Knox County,2,0,OH
29,Lake County,14,0,OH
30,Lawrence County,1,0,OH
31,Licking County,3,0,OH
32,Logan County,2,0,OH
33,Lorain County,37,0,OH
34,Lucas County,23,2,OH
35,Madison County,2,0,OH
36,Mahoning County,42,0,OH
37,Marion County,4,0,OH
38,Medina County,22,0,OH
39,Mercer County,1,0,OH
40,Miami County,19,1,OH
41,Montgomery County,14,0,OH
42,Pickaway County,1,0,OH
43,Portage County,4,0,OH
44,Richland County,4,0,OH
45,Sandusky County,1,0,OH
46,Seneca County,1,0,OH
47,Stark County,13,2,OH
48,Summit County,42,0,OH
49,Trumbull County,9,0,OH
50,Tuscarawas County,3,0,OH
51,Union County,3,0,OH
52,Warren County,8,0,OH
53,Washington County,1,0,OH
54,Wayne County,1,0,OH
55,Wood County,3,0,OH
0,Alamance County,3,0,NC
1,Beaufort County,3,0,NC
2,Bertie County,3,0,NC
3,Brunswick County,10,0,NC
4,Buncombe County,12,0,NC
5,Burke County,2,0,NC
6,Cabarrus County,18,2,NC
7,Caldwell County,3,0,NC
8,Carteret County,5,0,NC
9,Catawba County,9,0,NC
10,Chatham County,6,0,NC
11,Cherokee County,4,0,NC
12,Cleveland County,2,0,NC
13,Craven County,3,0,NC
14,Cumberland County,8,0,NC
15,Dare County,1,0,NC
16,Davidson County,3,0,NC
17,Davie County,1,0,NC
18,Duplin County,1,0,NC
19,Durham County,84,0,NC
20,Forsyth County,17,0,NC
21,Franklin County,5,0,NC
22,Gaston County,11,0,NC
23,Granville County,1,0,NC
24,Guilford County,24,0,NC
25,Harnett County,10,1,NC
26,Henderson County,6,0,NC
27,Hertford County,2,0,NC
28,Hoke County,2,0,NC
29,Hyde County,1,0,NC
30,Iredell County,11,0,NC
31,Jackson County,1,0,NC
32,Johnston County,8,0,NC
33,Lee County,1,0,NC
34,Lenoir County,2,0,NC
35,Lincoln County,1,0,NC
36,McDowell County,2,0,NC
37,Mecklenburg County,204,0,NC
38,Mitchell County,1,0,NC
39,Montgomery County,1,0,NC
40,Moore County,2,0,NC
41,Nash County,4,0,NC
42,New Hanover County,14,0,NC
43,Northampton County,1,0,NC
44,Onslow County,4,0,NC
45,Orange County,13,0,NC
46,Pasquotank County,1,0,NC
47,Person County,1,0,NC
48,Pitt County,6,0,NC
49,Randolph County,3,0,NC
50,Robeson County,2,0,NC
51,Rowan County,6,0,NC
52,Sampson County,1,0,NC
53,Scotland County,1,0,NC
54,Surry County,1,0,NC
55,Transylvania County,2,0,NC
56,Unassigned,1.0,0.0,NC
57,Union County,27,0,NC
58,Vance County,2,0,NC
59,Wake County,84,0,NC
60,Watauga County,3,0,NC
61,Wayne County,3,0,NC
62,Wilson County,6,0,NC
0,Adams County,1,0,IN
1,Allen County,8,1,IN
2,Bartholomew County,6,0,IN
3,Boone County,7,0,IN
4,Brown County,1,0,IN
5,Clark County,10,0,IN
6,DeKalb County,1,0,IN
7,Dearborn County,3,0,IN
8,Decatur County,13,0,IN
9,Delaware County,7,1,IN
10,Dubois County,1,0,IN
11,Elkhart County,7,0,IN
12,Fayette County,3,0,IN
13,Floyd County,7,0,IN
14,Fountain County,1,0,IN
15,Franklin County,13,1,IN
16,Gibson County,3,0,IN
17,Grant County,3,0,IN
18,Hamilton County,40,0,IN
19,Hancock County,9,1,IN
20,Harrison County,2,0,IN
21,Hendricks County,21,0,IN
22,Howard County,6,1,IN
23,Jackson County,2,0,IN
24,Jasper County,3,1,IN
25,Jennings County,4,0,IN
26,Johnson County,36,3,IN
27,LaPorte County,2,0,IN
28,Lake County,31,0,IN
29,Lawrence County,2,0,IN
30,Madison County,4,0,IN
31,Marion County,293,6,IN
32,Marshall County,1,0,IN
33,Miami County,1,0,IN
34,Monroe County,6,0,IN
35,Montgomery County,2,0,IN
36,Morgan County,7,0,IN
37,Noble County,1,0,IN
38,Ohio County,1,0,IN
39,Orange County,1,0,IN
40,Owen County,4,0,IN
41,Porter County,5,0,IN
42,Posey County,1,0,IN
43,Putnam County,2,1,IN
44,Ripley County,11,0,IN
45,Rush County,1,0,IN
46,Scott County,1,1,IN
47,Shelby County,2,0,IN
48,St. Joseph County,21,0,IN
49,Starke County,1,0,IN
50,Sullivan County,1,0,IN
51,Tippecanoe County,7,0,IN
52,Tipton County,2,0,IN
53,Vanderburgh County,4,0,IN
54,Vigo County,3,0,IN
55,Warren County,1,0,IN
56,Warrick County,3,0,IN
57,Washington County,3,0,IN
58,Wayne County,1,0,IN
59,Wells County,1,0,IN
0,Bayfield County,1,0,WI
1,Brown County,3,0,WI
2,Calumet County,1,0,WI
3,Chippewa County,1,0,WI
4,Clark County,1,0,WI
5,Columbia County,5,0,WI
6,Dane County,88,1,WI
7,Dodge County,3,0,WI
8,Douglas County,4,0,WI
9,Dunn County,1,0,WI
10,Eau Claire County,5,0,WI
11,Fond du Lac County,18,1,WI
12,Grant County,1,0,WI
13,Green County,1,0,WI
14,Iowa County,3,0,WI
15,Jefferson County,5,0,WI
16,Juneau County,1,0,WI
17,Kenosha County,14,0,WI
18,La Crosse County,12,0,WI
19,Marathon County,1,0,WI
20,Milwaukee County,333,4,WI
21,Monroe County,1,0,WI
22,Outagamie County,4,0,WI
23,Ozaukee County,20,1,WI
24,Pierce County,3,0,WI
25,Portage County,1,0,WI
26,Racine County,8,0,WI
27,Rock County,6,0,WI
28,Sauk County,6,0,WI
29,Sheboygan County,7,0,WI
30,St. Croix County,4,0,WI
31,Vilas County,1,0,WI
32,Walworth County,5,0,WI
33,Washington County,21,0,WI
34,Waukesha County,42,0,WI
35,Waupaca County,1,0,WI
36,Winnebago County,5,0,WI
37,Wood County,1,0,WI
0,Anne Arundel County,41,0,MD
1,Baltimore County,153,1,MD
2,Calvert County,7,0,MD
3,Caroline County,1,0,MD
4,Carroll County,7,0,MD
5,Cecil County,4,0,MD
6,Charles County,10,0,MD
7,Frederick County,14,0,MD
8,Garrett County,3,0,MD
9,Harford County,9,0,MD
10,Howard County,49,0,MD
11,Kent County,1,0,MD
12,Montgomery County,164,1,MD
13,Prince George's County,101,2,MD
14,Queen Anne's County,2,0,MD
15,Somerset County,1,0,MD
16,St. Mary's County,4,0,MD
17,Talbot County,1,0,MD
18,Washington County,4,0,MD
19,Wicomico County,5,0,MD
20,Worcester County,2,0,MD
0,Carson City County,2,0,NV
1,Clark County,350,6,NV
2,Douglas County,3,0,NV
3,Elko County,2,0,NV
4,Lyon County,1,0,NV
5,Nye County,1,0,NV
6,Unassigned,105.0,4.0,NV
7,Washoe County,57,0,NV
0,Apache County,9,0,AZ
1,Cochise County,2,0,AZ
2,Coconino County,28,1,AZ
3,Graham County,2,0,AZ
4,La Paz County,2,0,AZ
5,Maricopa County,299,2,AZ
6,Mohave County,2,0,AZ
7,Navajo County,43,0,AZ
8,Pima County,75,1,AZ
9,Pinal County,35,0,AZ
10,Santa Cruz County,2,0,AZ
11,Unassigned,0.0,2.0,AZ
12,Yavapai County,5,0,AZ
13,Yuma County,4,0,AZ
0,Adams County,3,0,MS
1,Amite County,1,0,MS
2,Attala County,7,0,MS
3,Benton County,1,0,MS
4,Bolivar County,6,0,MS
5,Calhoun County,3,0,MS
6,Chickasaw County,7,0,MS
7,Choctaw County,4,0,MS
8,Clay County,1,0,MS
9,Coahoma County,17,0,MS
10,Copiah County,8,0,MS
11,DeSoto County,49,0,MS
12,Forrest County,16,0,MS
13,Franklin County,2,0,MS
14,George County,1,0,MS
15,Grenada County,2,0,MS
16,Hancock County,6,1,MS
17,Harrison County,31,0,MS
18,Hinds County,43,0,MS
19,Holmes County,7,1,MS
20,Humphreys County,1,0,MS
21,Itawamba County,3,0,MS
22,Jackson County,16,0,MS
23,Jones County,1,0,MS
24,Lafayette County,10,0,MS
25,Lamar County,4,0,MS
26,Lauderdale County,3,0,MS
27,Lawrence County,5,0,MS
28,Leake County,4,0,MS
29,Lee County,15,0,MS
30,Leflore County,13,0,MS
31,Lincoln County,6,0,MS
32,Lowndes County,8,0,MS
33,Madison County,21,0,MS
34,Marion County,1,0,MS
35,Marshall County,7,0,MS
36,Monroe County,3,0,MS
37,Montgomery County,4,0,MS
38,Newton County,1,0,MS
39,Noxubee County,1,0,MS
40,Oktibbeha County,10,0,MS
41,Panola County,4,0,MS
42,Pearl River County,16,0,MS
43,Perry County,1,0,MS
44,Pike County,12,0,MS
45,Pontotoc County,3,0,MS
46,Prentiss County,1,0,MS
47,Quitman County,2,0,MS
48,Rankin County,23,0,MS
49,Scott County,4,0,MS
50,Simpson County,1,0,MS
51,Smith County,1,0,MS
52,Sunflower County,4,0,MS
53,Tallahatchie County,2,0,MS
54,Tate County,6,0,MS
55,Tippah County,14,0,MS
56,Tunica County,5,1,MS
57,Union County,2,0,MS
58,Walthall County,4,0,MS
59,Washington County,9,0,MS
60,Webster County,2,1,MS
61,Wilkinson County,8,1,MS
62,Winston County,3,0,MS
63,Yalobusha County,3,0,MS
64,Yazoo County,3,0,MS
0,Accomack County,2,0,VA
1,Albemarle County,4,0,VA
2,Alexandria County,14,0,VA
3,Amherst County,1,0,VA
4,Arlington County,55,0,VA
5,Bedford County,3,0,VA
6,Botetourt County,1,0,VA
7,Charles City County,1,0,VA
8,Charlottesville County,6,0,VA
9,Chesapeake County,4,0,VA
10,Chesterfield County,12,0,VA
11,Culpeper County,2,0,VA
12,Danville County,2,0,VA
13,Fairfax County,80,1,VA
14,Fluvanna County,1,0,VA
15,Franklin County,1,0,VA
16,Frederick County,2,0,VA
17,Fredericksburg County,1,0,VA
18,Gloucester County,2,0,VA
19,Goochland County,3,0,VA
20,Halifax County,1,0,VA
21,Hampton County,1,0,VA
22,Hanover County,2,0,VA
23,Harrisonburg County,3,0,VA
24,Henrico County,21,2,VA
25,Isle of Wight County,2,0,VA
26,James City County,41,2,VA
27,Lee County,2,0,VA
28,Loudoun County,28,0,VA
29,Louisa County,3,0,VA
30,Lynchburg County,2,0,VA
31,Madison County,1,0,VA
32,Manassas County,2,0,VA
33,Mathews County,1,0,VA
34,Mecklenburg County,3,0,VA
35,Nelson County,1,0,VA
36,Newport News County,4,1,VA
37,Norfolk County,5,0,VA
38,Nottoway County,1,0,VA
39,Orange County,1,0,VA
40,Portsmouth County,3,0,VA
41,Prince Edward County,2,0,VA
42,Prince William County,32,0,VA
43,Radford County,1,0,VA
44,Richmond County,13,0,VA
45,Roanoke County,1,0,VA
46,Rockbridge County,2,0,VA
47,Rockingham County,3,0,VA
48,Shenandoah County,3,0,VA
49,Spotsylvania County,3,0,VA
50,Stafford County,6,0,VA
51,Suffolk County,1,0,VA
52,Unassigned,31.0,4.0,VA
53,Virginia Beach County,23,1,VA
54,Warren County,1,0,VA
55,Williamsburg County,5,1,VA
56,York County,8,1,VA
0,Autauga County,5,0,AL
1,Baldwin County,4,0,AL
2,Blount County,2,0,AL
3,Butler County,1,0,AL
4,Calhoun County,2,0,AL
5,Chambers County,9,0,AL
6,Cherokee County,1,0,AL
7,Chilton County,4,0,AL
8,Clay County,1,0,AL
9,Cleburne County,1,0,AL
10,Coffee County,1,0,AL
11,Colbert County,1,0,AL
12,Coosa County,1,0,AL
13,Cullman County,6,0,AL
14,Dallas County,2,0,AL
15,DeKalb County,1,0,AL
16,Elmore County,10,0,AL
17,Etowah County,3,0,AL
18,Franklin County,2,0,AL
19,Houston County,2,0,AL
20,Jackson County,2,1,AL
21,Jefferson County,140,0,AL
22,Lamar County,1,0,AL
23,Lauderdale County,7,0,AL
24,Lawrence County,1,0,AL
25,Lee County,44,0,AL
26,Limestone County,10,0,AL
27,Lowndes County,1,0,AL
28,Madison County,37,0,AL
29,Marengo County,1,0,AL
30,Marion County,5,0,AL
31,Marshall County,3,0,AL
32,Mobile County,13,0,AL
33,Montgomery County,16,0,AL
34,Morgan County,7,0,AL
35,Pickens County,1,0,AL
36,Pike County,1,0,AL
37,Russell County,1,0,AL
38,Shelby County,49,0,AL
39,St. Clair County,6,0,AL
40,Talladega County,3,0,AL
41,Tallapoosa County,4,0,AL
42,Tuscaloosa County,17,0,AL
43,Walker County,17,0,AL
44,Washington County,1,0,AL
45,Wilcox County,2,0,AL
0,Abbeville County,3,0,SC
1,Aiken County,2,0,SC
2,Anderson County,19,0,SC
3,Beaufort County,26,0,SC
4,Berkeley County,5,0,SC
5,Calhoun County,1,0,SC
6,Charleston County,52,1,SC
7,Chester County,1,0,SC
8,Chesterfield County,3,0,SC
9,Clarendon County,5,1,SC
10,Colleton County,1,0,SC
11,Darlington County,8,0,SC
12,Dillon County,1,0,SC
13,Dorchester County,4,0,SC
14,Edgefield County,1,0,SC
15,Fairfield County,3,0,SC
16,Florence County,5,2,SC
17,Georgetown County,2,0,SC
18,Greenville County,50,0,SC
19,Greenwood County,2,0,SC
20,Horry County,20,1,SC
21,Jasper County,2,0,SC
22,Kershaw County,63,1,SC
23,Lancaster County,6,0,SC
24,Lee County,2,0,SC
25,Lexington County,18,1,SC
26,Marion County,1,0,SC
27,Marlboro County,1,0,SC
28,Newberry County,1,0,SC
29,Oconee County,2,0,SC
30,Orangeburg County,9,0,SC
31,Pickens County,6,0,SC
32,Richland County,59,0,SC
33,Saluda County,1,0,SC
34,Spartanburg County,9,0,SC
35,Sumter County,10,0,SC
36,Union County,1,0,SC
37,Williamsburg County,1,0,SC
38,York County,18,0,SC
0,Adair County,1,0,MO
1,Bates County,1,0,MO
2,Boone County,29,1,MO
3,Callaway County,2,0,MO
4,Camden County,1,0,MO
5,Cape Girardeau County,3,0,MO
6,Cass County,8,0,MO
7,Christian County,1,0,MO
8,Clay County,2,0,MO
9,Clinton County,1,0,MO
10,Cole County,6,0,MO
11,Cooper County,1,0,MO
12,Dunklin County,1,0,MO
13,Franklin County,4,0,MO
14,Greene County,23,3,MO
15,Henry County,1,0,MO
16,Jackson County,60,1,MO
17,Jasper County,2,0,MO
18,Jefferson County,5,0,MO
19,Johnson County,2,0,MO
20,Lafayette County,2,0,MO
21,McDonald County,1,0,MO
22,Moniteau County,2,0,MO
23,Montgomery County,1,0,MO
24,Newton County,3,0,MO
25,Pemiscot County,1,0,MO
26,Perry County,2,0,MO
27,Platte County,7,0,MO
28,Pulaski County,4,0,MO
29,Ralls County,1,0,MO
30,Randolph County,1,0,MO
31,Scott County,1,0,MO
32,Shelby County,1,0,MO
33,St. Charles County,18,1,MO
34,St. Francois County,2,0,MO
35,St. Louis County,182,2,MO
36,Taney County,1,0,MO
37,Unassigned,4.0,0.0,MO
0,Box Elder County,6,0,UT
1,Davis County,35,1,UT
2,Iron County,1,0,UT
3,Salt Lake County,151,0,UT
4,Summit County,89,0,UT
5,Tooele County,3,0,UT
6,Unassigned,19.0,0.0,UT
7,Utah County,18,0,UT
8,Wasatch County,15,0,UT
9,Washington County,6,0,UT
10,Weber County,10,0,UT
0,Anoka County,8,0,MN
1,Benton County,1,0,MN
2,Big Stone County,1,0,MN
3,Blue Earth County,6,0,MN
4,Carver County,8,0,MN
5,Cass County,1,0,MN
6,Chisago County,2,0,MN
7,Clay County,4,0,MN
8,Dakota County,25,0,MN
9,Dodge County,5,0,MN
10,Goodhue County,1,0,MN
11,Hennepin County,128,0,MN
12,Jackson County,1,0,MN
13,Kandiyohi County,1,0,MN
14,Lac qui Parle County,1,0,MN
15,Le Sueur County,6,0,MN
16,Martin County,12,0,MN
17,Mower County,10,0,MN
18,Nicollet County,3,0,MN
19,Olmsted County,29,0,MN
20,Ramsey County,32,1,MN
21,Renville County,1,0,MN
22,Rice County,2,0,MN
23,Scott County,6,0,MN
24,Sherburne County,1,0,MN
25,Sibley County,1,0,MN
26,St. Louis County,5,0,MN
27,Stearns County,5,0,MN
28,Steele County,5,0,MN
29,Unassigned,4.0,0.0,MN
30,Wabasha County,4,0,MN
31,Waseca County,2,0,MN
32,Washington County,15,0,MN
33,Wilkin County,1,0,MN
34,Winona County,4,0,MN
35,Wright County,5,0,MN
0,Benton County,18,0,AR
1,Boone County,1,0,AR
2,Bradley County,4,0,AR
3,Clark County,15,0,AR
4,Cleburne County,47,1,AR
5,Cleveland County,3,0,AR
6,Columbia County,1,0,AR
7,Conway County,1,0,AR
8,Craighead County,4,0,AR
9,Crawford County,1,0,AR
10,Crittenden County,7,0,AR
11,Cross County,1,0,AR
12,Desha County,2,0,AR
13,Drew County,1,0,AR
14,Faulkner County,24,0,AR
15,Garland County,18,0,AR
16,Grant County,3,0,AR
17,Greene County,1,0,AR
18,Hempstead County,1,0,AR
19,Hot Spring County,1,0,AR
20,Independence County,3,0,AR
21,Jefferson County,23,0,AR
22,Lawrence County,1,0,AR
23,Lincoln County,5,0,AR
24,Lonoke County,1,0,AR
25,Pike County,1,0,AR
26,Poinsett County,3,0,AR
27,Polk County,1,0,AR
28,Pope County,1,0,AR
29,Pulaski County,83,0,AR
30,Randolph County,1,0,AR
31,Saline County,4,0,AR
32,Searcy County,2,0,AR
33,Sebastian County,2,0,AR
34,Sevier County,1,0,AR
35,Stone County,1,0,AR
36,Unassigned,24.0,1.0,AR
37,Union County,1,0,AR
38,Van Buren County,11,0,AR
39,Washington County,10,0,AR
40,White County,1,0,AR
41,Woodruff County,1,0,AR
0,Benton County,6,0,OR
1,Clackamas County,21,2,OR
2,Clatsop County,1,0,OR
3,Deschutes County,10,0,OR
4,Douglas County,3,0,OR
5,Grant County,1,0,OR
6,Hood River County,1,0,OR
7,Jackson County,4,0,OR
8,Josephine County,2,0,OR
9,Klamath County,1,0,OR
10,Lane County,5,1,OR
11,Lincoln County,1,0,OR
12,Linn County,25,1,OR
13,Marion County,43,2,OR
14,Multnomah County,33,2,OR
15,Polk County,3,0,OR
16,Umatilla County,2,0,OR
17,Union County,1,0,OR
18,Washington County,96,2,OR
19,Yamhill County,7,0,OR
0,Adair County,2,0,OK
1,Bryan County,1,0,OK
2,Canadian County,6,0,OK
3,Carter County,1,0,OK
4,Cleveland County,39,3,OK
5,Comanche County,3,0,OK
6,Craig County,1,0,OK
7,Creek County,10,0,OK
8,Custer County,3,0,OK
9,Delaware County,1,0,OK
10,Garvin County,2,0,OK
11,Grady County,1,0,OK
12,Jackson County,1,0,OK
13,Kay County,11,0,OK
14,Lincoln County,1,0,OK
15,Logan County,3,0,OK
16,Mayes County,1,0,OK
17,McClain County,2,0,OK
18,Muskogee County,4,0,OK
19,Noble County,2,0,OK
20,Oklahoma County,73,2,OK
21,Okmulgee County,2,0,OK
22,Osage County,3,0,OK
23,Ottawa County,1,0,OK
24,Pawnee County,10,1,OK
25,Payne County,5,0,OK
26,Pontotoc County,1,0,OK
27,Pottawatomie County,2,0,OK
28,Stephens County,1,0,OK
29,Tulsa County,41,1,OK
30,Wagoner County,6,0,OK
31,Washington County,5,0,OK
0,District of Columbia County,231,3,DC
0,Allen County,1,0,KY
1,Anderson County,2,1,KY
2,Boone County,1,0,KY
3,Bourbon County,2,1,KY
4,Breathitt County,2,0,KY
5,Calloway County,1,0,KY
6,Campbell County,1,0,KY
7,Christian County,2,0,KY
8,Clark County,2,0,KY
9,Daviess County,14,0,KY
10,Fayette County,28,1,KY
11,Franklin County,2,0,KY
12,Hardin County,2,0,KY
13,Harrison County,10,0,KY
14,Henderson County,2,0,KY
15,Jefferson County,35,2,KY
16,Jessamine County,1,0,KY
17,Kenton County,8,0,KY
18,Laurel County,1,0,KY
19,Logan County,1,0,KY
20,Lyon County,1,0,KY
21,Madison County,2,0,KY
22,Martin County,1,0,KY
23,McCracken County,2,0,KY
24,Menifee County,1,0,KY
25,Montgomery County,2,0,KY
26,Muhlenberg County,2,0,KY
27,Nelson County,1,0,KY
28,Oldham County,1,0,KY
29,Pulaski County,3,0,KY
30,Scott County,1,0,KY
31,Simpson County,1,0,KY
32,Spencer County,1,0,KY
33,Unassigned,55.0,0.0,KY
34,Warren County,5,0,KY
35,Webster County,1,0,KY
0,Adair County,1,0,IA
1,Allamakee County,7,0,IA
2,Appanoose County,1,0,IA
3,Benton County,2,0,IA
4,Black Hawk County,5,0,IA
5,Buchanan County,1,0,IA
6,Carroll County,1,0,IA
7,Cedar County,4,0,IA
8,Cerro Gordo County,2,0,IA
9,Clayton County,1,0,IA
10,Dallas County,7,0,IA
11,Des Moines County,1,0,IA
12,Dubuque County,6,1,IA
13,Fayette County,1,0,IA
14,Hancock County,3,0,IA
15,Harrison County,3,0,IA
16,Henry County,1,0,IA
17,Jasper County,2,0,IA
18,Johnson County,49,0,IA
19,Kossuth County,1,0,IA
20,Linn County,12,0,IA
21,Mahaska County,1,0,IA
22,Monona County,1,0,IA
23,Muscatine County,6,0,IA
24,Page County,1,0,IA
25,Polk County,24,0,IA
26,Pottawattamie County,3,0,IA
27,Poweshiek County,4,0,IA
28,Scott County,7,0,IA
29,Sioux County,2,0,IA
30,Story County,2,0,IA
31,Tama County,4,0,IA
32,Unassigned,1.0,0.0,IA
33,Wapello County,1,0,IA
34,Warren County,1,0,IA
35,Washington County,8,0,IA
36,Winneshiek County,1,0,IA
37,Woodbury County,2,0,IA
0,Addison County,12,0,VT
1,Bennington County,11,0,VT
2,Caledonia County,1,0,VT
3,Chittenden County,75,4,VT
4,Franklin County,4,0,VT
5,Lamoille County,5,0,VT
6,Orange County,3,0,VT
7,Orleans County,3,0,VT
8,Rutland County,5,0,VT
9,Unassigned,8.0,4.0,VT
10,Washington County,7,0,VT
11,Windham County,7,0,VT
12,Windsor County,17,1,VT
0,Androscoggin County,5,0,ME
1,Cumberland County,90,0,ME
2,Franklin County,1,0,ME
3,Kennebec County,6,0,ME
4,Knox County,1,0,ME
5,Lincoln County,5,0,ME
6,Oxford County,8,0,ME
7,Penobscot County,5,0,ME
8,Sagadahoc County,4,0,ME
9,Unassigned,1.0,0.0,ME
10,Waldo County,2,0,ME
11,York County,27,0,ME
0,Ada County,39,0,ID
1,Bannock County,3,0,ID
2,Bingham County,2,0,ID
3,Blaine County,66,0,ID
4,Canyon County,13,0,ID
5,Cassia County,1,0,ID
6,Custer County,1,0,ID
7,Fremont County,1,0,ID
8,Idaho County,1,0,ID
9,Jefferson County,2,0,ID
10,Kootenai County,9,0,ID
11,Madison County,2,0,ID
12,Nez Perce County,1,0,ID
13,Payette County,1,0,ID
14,Teton County,2,0,ID
15,Twin Falls County,1,0,ID
16,Valley County,1,0,ID
0,Bourbon County,1,0,KS
1,Butler County,3,0,KS
2,Cherokee County,2,0,KS
3,Crawford County,2,0,KS
4,Doniphan County,1,0,KS
5,Douglas County,10,0,KS
6,Franklin County,1,0,KS
7,Jackson County,1,0,KS
8,Jefferson County,1,0,KS
9,Johnson County,46,1,KS
10,Leavenworth County,11,0,KS
11,Linn County,4,0,KS
12,Lyon County,4,0,KS
13,Mitchell County,2,0,KS
14,Morris County,2,0,KS
15,Neosho County,1,0,KS
16,Pottawatomie County,1,0,KS
17,Reno County,2,0,KS
18,Riley County,1,0,KS
19,Sedgwick County,11,0,KS
20,Shawnee County,3,0,KS
21,Woodson County,1,0,KS
22,Wyandotte County,27,2,KS
0,Belknap County,8,0,NH
1,Carroll County,7,0,NH
2,Cheshire County,1,0,NH
3,Grafton County,22,0,NH
4,Hillsborough County,30,1,NH
5,Merrimack County,5,0,NH
6,Rockingham County,56,0,NH
7,Strafford County,7,0,NH
8,Sullivan County,1,0,NH
0,Bristol County,24,0,RI
1,Kent County,7,0,RI
2,Newport County,9,0,RI
3,Providence County,52,0,RI
4,Unassigned,31.0,0.0,RI
5,Washington County,9,0,RI
0,Kent County,17,0,DE
1,New Castle County,86,0,DE
2,Sussex County,27,0,DE
0,Bernalillo County,48,0,NM
1,Chaves County,4,0,NM
2,Cibola County,1,0,NM
3,Curry County,1,0,NM
4,Eddy County,1,1,NM
5,Lea County,1,0,NM
6,McKinley County,3,0,NM
7,Rio Arriba County,2,0,NM
8,San Juan County,8,0,NM
9,San Miguel County,1,0,NM
10,Sandoval County,8,0,NM
11,Santa Fe County,17,0,NM
12,Socorro County,2,0,NM
13,Taos County,3,0,NM
14,Unassigned,13.0,0.0,NM
0,Hawaii County,2,0,HI
1,Honolulu County,58,0,HI
2,Kauai County,2,0,HI
3,Maui County,9,0,HI
4,Unassigned,24.0,0.0,HI
0,Adams County,1,0,NE
1,Buffalo County,2,0,NE
2,Cass County,2,0,NE
3,Douglas County,44,0,NE
4,Gage County,1,0,NE
5,Knox County,2,0,NE
6,Lancaster County,3,0,NE
7,Lincoln County,3,0,NE
8,Madison County,1,0,NE
9,Nemaha County,1,0,NE
10,Sarpy County,8,0,NE
11,Saunders County,2,0,NE
12,Washington County,4,0,NE
0,Broadwater County,2,0,MT
1,Cascade County,5,0,MT
2,Flathead County,5,0,MT
3,Gallatin County,24,0,MT
4,Glacier County,1,0,MT
5,Hill County,1,0,MT
6,Jefferson County,1,0,MT
7,Lewis and Clark County,4,0,MT
8,Lincoln County,1,0,MT
9,Madison County,2,0,MT
10,Missoula County,6,0,MT
11,Ravalli County,1,0,MT
12,Roosevelt County,1,0,MT
13,Silver Bow County,4,0,MT
14,Yellowstone County,13,0,MT
0,Unassigned,64,2,PR
0,Anchorage County,28,0,AK
1,Fairbanks North Star County,11,0,AK
2,Juneau County,2,0,AK
3,Ketchikan Gateway County,11,0,AK
4,Unassigned,7.0,1.0,AK
0,Albany County,1,0,WY
1,Campbell County,1,0,WY
2,Carbon County,3,0,WY
3,Fremont County,14,0,WY
4,Johnson County,1,0,WY
5,Laramie County,14,0,WY
6,Natrona County,6,0,WY
7,Park County,1,0,WY
8,Sheridan County,4,0,WY
9,Sweetwater County,1,0,WY
10,Teton County,7,0,WY
0,Burleigh County,22,0,ND
1,Cass County,6,0,ND
2,Dunn County,1,0,ND
3,Foster County,1,0,ND
4,McHenry County,1,0,ND
5,Morton County,8,0,ND
6,Pierce County,2,0,ND
7,Ramsey County,3,0,ND
8,Stark County,3,0,ND
9,Unassigned,1.0,0.0,ND
10,Walsh County,1,0,ND
11,Ward County,3,0,ND
0,Berkeley County,2,0,WV
1,Hancock County,1,0,WV
2,Harrison County,3,0,WV
3,Jackson County,4,0,WV
4,Jefferson County,3,0,WV
5,Kanawha County,5,0,WV
6,Logan County,1,0,WV
7,Marion County,1,0,WV
8,Marshall County,2,0,WV
9,Mercer County,2,0,WV
10,Monongalia County,18,0,WV
11,Ohio County,2,0,WV
12,Preston County,2,0,WV
13,Putnam County,2,0,WV
14,Raleigh County,1,0,WV
15,Tucker County,2,0,WV
16,Wood County,1,0,WV
0,Unassigned,81,1,Other
0,Beadle County,14,0,SD
1,Bon Homme County,1,0,SD
2,Brookings County,1,0,SD
3,Brown County,2,0,SD
4,Charles Mix County,1,0,SD
5,Codington County,1,0,SD
6,Davison County,2,0,SD
7,Hughes County,1,0,SD
8,Lincoln County,2,0,SD
9,Lyman County,1,0,SD
10,McCook County,2,0,SD
11,Meade County,1,0,SD
12,Minnehaha County,16,0,SD
13,Pennington County,1,1,SD
0,Unassigned,45,1,GU
0,Unassigned,17,0,VI
